Descripción;ene-23;feb-23;mar-23;abr-23;may-23;jun-23;jul-23;ago-23;sep-23;oct-23;nov-23;dic-23;ene-24;feb-24;mar-24;Total
HONDA;;;;;;;;;;;;;;;;
        HONDA WAVE 110 S;4.419;3.634;3.870;2.848;4.219;4.145;4.366;3.644;3.752;3.886;3.756;3.066;4.603;3.821;2.988;57.017
        HONDA GLH 150;1.082;1.125;1.505;1.203;1.148;945;1.284;1.247;888;946;754;694;1.026;888;608;15.343
        HONDA XR250 TORNADO;;763;829;848;895;828;747;850;982;1.096;926;500;833;668;406;11.171
        HONDA CB125F TWISTER;366;286;690;764;783;646;946;826;632;755;571;524;585;483;323;9.180
        HONDA XR150L;;;;;;;;997;1.056;1.220;885;659;875;613;528;6.833
        HONDA WAVE 110 S CD;484;359;362;566;514;582;580;480;441;424;444;330;482;361;316;6.725
        HONDA XR150L;1.284;1.106;1.468;1.016;;834;905;;;;;;;;;6.613
        HONDA XR190L;384;347;524;515;;391;410;444;430;718;425;284;398;367;225;5.862
        HONDA CB300F TWISTER;;;;;4;356;402;509;417;391;382;246;336;281;196;3.520
        HONDA NAVI;;;;;;;;;;;;;3;522;618;1.143
        HONDA XR250 TORNADO;1.094;;;;;;;;;;;;;;;1.094
        HONDA XR150L;;;;;1.048;;;;;;;;;;;1.048
        HONDA CB 250 TWISTER;432;245;;111;70;37;27;21;17;20;13;11;4;8;4;1.020
        HONDA XR190L;;;;;489;;;;;;;;;;;489
        HONDA NEW ELITE 125;30;38;79;48;29;13;15;14;4;14;6;7;;;;297
        HONDA PCX 160;;;;;;;;;;5;53;44;63;50;33;248
        HONDA CB 250 TWISTER;;;208;;;;;;;;;;;;;208
        HONDA CG150 TITAN;17;17;14;14;9;19;16;16;;11;6;10;9;7;4;169
        HONDA CB250 TWISTER;32;27;24;10;8;7;5;3;1;5;4;2;1;;;129
        HONDA PCX 150;29;16;18;8;5;3;3;1;2;1;2;4;;;;92
        HONDA PCX 150 DLX;11;7;6;4;5;;2;;1;;;;;;;36
        HONDA NC 750 XA;;;;2;10;3;3;3;3;5;2;3;;;;34
        HONDA XRE300;7;2;5;5;4;2;2;1;2;1;1;;;;;32
        HONDA CB500X;;;;1;7;2;3;1;2;;1;;2;2;3;24
        HONDA CRF 230F;;5;4;1;;6;;1;;;1;;;;;18
        HONDA XRE 300 RALLY;3;1;5;2;2;;;1;1;;1;;;;;16
        HONDA CG150 TITAN;;;;;;;;;13;;;;;;;13
        HONDA CRF 1100AL AFRICA TWIN;;;;;;5;2;1;;2;1;;;;;11
        HONDA ST 70;;;;2;;;2;;;2;;2;1;;;9
        HONDA C100 BIZ;;;1;;2;;1;;1;;;1;;;1;7
        HONDA CRF 1100A2L AFRICA TWIN ADVENTURE SPORTS;;;;;1;1;3;1;;;;1;;;;7
        HONDA CRF 1100D2L AFRICA TWIN ADVENTURE SPORTS;1;;1;;;2;1;;1;;;;;;;6
        HONDA CB 190 R;;2;1;;;1;;;;1;1;;;;;6
        HONDA CRF 250R;;;;1;;;;;2;;2;1;;;;6
        HONDA CBR 1000 ST;;;;;;;;1;3;;1;1;;;;6
        HONDA CB750A;;;;;;;;;;;;2;4;;;6
        HONDA CG125 TITAN KS;;1;;;1;;;1;1;;1;;;;;5
        HONDA CRF 250R;;;2;;;;;;;;;;;2;1;5
        HONDA CRF 1100DL AFRICA TWIN;;;;;;1;3;;1;;;;;;;5
        HONDA CB1000 R;;;;;;;1;;1;3;;;;;;5
        HONDA CB 500 F;;;1;;;1;;1;1;;;;;;;4
        HONDA XLR 125;;;;;;;;1;2;;1;;;;;4
        HONDA CRF 250R;;;;;;;;;;;;;4;;;4
        HONDA CB750A;;;;;;;;;;;;;;4;;4
        HONDA XR100;;;;;1;1;;;;;1;;;;;3
        HONDA CRF 450 RX;;;;;;;;;1;;;;1;1;;3
        HONDA CBR 1000 SP;1;;;;;;;1;;;;;;;;2
        HONDA TRX420FM;1;;1;;;;;;;;;;;;;2
        HONDA CRF 450R;;;1;;;;;;1;;;;;;;2
        HONDA TRX520FM1;;;1;;;1;;;;;;;;;;2
        HONDA TRX420 TM;;;;;1;;;;;1;;;;;;2
        HONDA C100 BIZ;;;;;;;;;;;2;;;;;2
        HONDA CRF 450R;;;;;;;;;;;;1;1;;;2
        HONDA CRF 1100 D4 AFRICA TWIN ADVENTURE SPORTS;;;;;;;;;;;;;2;;;2
        HONDA CF50 CHALY;1;;;;;;;;;;;;;;;1
        HONDA TACC;1;;;;;;;;;;;;;;;1
        HONDA XR100R;1;;;;;;;;;;;;;;;1
        HONDA XR250R;1;;;;;;;;;;;;;;;1
        HONDA XR80;1;;;;;;;;;;;;;;;1
        HONDA CR80;;1;;;;;;;;;;;;;;1
        HONDA EVE;;1;;;;;;;;;;;;;;1
        HONDA PCX 125;;1;;;;;;;;;;;;;;1
        HONDA TRX 90;;1;;;;;;;;;;;;;;1
        HONDA TRX-90P;;1;;;;;;;;;;;;;;1
        HONDA XR100;;1;;;;;;;;;;;;;;1
        HONDA ATC 110C;;;1;;;;;;;;;;;;;1
        HONDA BIZ 125 FI;;;1;;;;;;;;;;;;;1
        HONDA CM200TB;;;1;;;;;;;;;;;;;1
        HONDA NT110MT;;;1;;;;;;;;;;;;;1
        HONDA BIZ 125 KSST;;;;;1;;;;;;;;;;;1
        HONDA CG 150 ESD TITTAN;;;;;1;;;;;;;;;;;1
        HONDA CG150 TITAN KS;;;;;1;;;;;;;;;;;1
        HONDA CRF250RX;;;;;1;;;;;;;;;;;1
        HONDA MARVEL;;;;;1;;;;;;;;;;;1
        HONDA NF100 WAVE SD;;;;;1;;;;;;;;;;;1
        HONDA NXR125;;;;;1;;;;;;;;;;;1
        HONDA CRF250RX;;;;;;1;;;;;;;;;;1
        HONDA XR650R;;;;;;1;;;;;;;;;;1
        HONDA CB 190 R REPSOL;;;;;;;1;;;;;;;;;1
        HONDA CB 300 R;;;;;;;1;;;;;;;;;1
        HONDA CRF110F;;;;;;;;1;;;;;;;;1
        HONDA NX DOMINATOR 650 CC;;;;;;;;;1;;;;;;;1
        HONDA TRX250;;;;;;;;;1;;;;;;;1
        HONDA CG125 TITAN ES;;;;;;;;;;1;;;;;;1
        HONDA CRF150R;;;;;;;;;;1;;;;;;1
        HONDA TRX350 TM;;;;;;;;;;;;1;;;;1
        HONDA MONKEY 125;;;;;;;;;;;;;1;;;1
        HONDA NF 100 WAVE;;;;;;;;;;;;;1;;;1
        HONDA C105 BIZ;;;;;;;;;;;;;;1;;1
        HONDA CB750A;;;;;;;;;;;;;;;1;1
        HONDA GOLDWING 1800 GL;;;;;;;;;;;;;;;1;1
        HONDA NC750 XA;;;;;;;;;;;;;;;1;1
        HONDA SGX 50;;;;;;;;;;;;;;;1;1
Subtotal: HONDA;9.682;7.987;9.624;7.969;9.262;8.834;9.731;9.067;8.661;9.509;8.243;6.394;9.235;8.079;6.258;128.535
;;;;;;;;;;;;;;;;
MOTOMEL;;;;;;;;;;;;;;;;
        MOTOMEL B110;3.161;2.863;3.787;3.107;2.746;2.582;2.814;2.952;2.447;3.054;2.985;2.711;2.365;2.114;2.367;42.055
        MOTOMEL S2 150;1.140;943;1.239;1.002;943;750;853;887;596;843;841;769;661;624;631;12.722
        MOTOMEL CX 150;614;632;828;536;527;438;586;737;556;602;595;605;516;463;483;8.718
        MOTOMEL C110 DLX;301;287;440;323;231;172;231;241;247;305;292;303;228;185;202;3.988
        MOTOMEL S110;101;90;127;87;96;71;66;84;74;90;79;77;82;36;22;1.182
        MOTOMEL B110 TUNNING;91;72;69;40;35;21;46;58;43;52;67;59;85;51;56;845
        MOTOMEL SKUA 125 X-TREME;77;54;66;42;49;41;59;58;43;65;52;38;36;46;31;757
        MOTOMEL SKUA 250;34;47;57;56;38;29;15;47;46;78;57;83;65;45;29;726
        MOTOMEL STRATO EURO 150;52;38;53;53;46;37;40;53;39;76;70;61;52;33;21;724
        MOTOMEL SIRIUS 190;46;52;52;41;35;55;36;54;28;40;37;22;29;16;17;560
        MOTOMEL STRATO ALPINO 150;25;27;35;29;20;19;23;33;24;33;48;31;35;18;23;423
        MOTOMEL XMM;27;17;31;22;18;15;19;24;28;35;30;26;14;15;18;339
        MOTOMEL SKUA 250 ADVENTURE;23;15;29;20;24;14;24;21;17;20;26;25;27;17;5;307
        MOTOMEL SIRIUS 150;8;15;8;8;4;1;4;3;5;2;3;7;3;;3;74
        MOTOMEL SIRIUS 250;6;5;4;6;5;6;7;7;6;5;1;1;1;1;2;63
        MOTOMEL SKUA 200;1;4;4;4;3;5;12;4;;5;;1;;;;43
        MOTOMEL CITY CARGO 110;;1;1;2;2;1;;1;;2;1;3;4;1;;19
        MOTOMEL SR 200;2;;3;2;1;2;;1;1;1;3;1;;;1;18
        MOTOMEL S3 150;;1;;;;;;1;2;1;;1;;;;6
        MOTOMEL T150;;;;1;;;;;;;;;;;;1
        MOTOMEL GO 125 VINTAGE;;;;;;1;;;;;;;;;;1
        MOTOMEL SL125;;;;;;1;;;;;;;;;;1
Subtotal: MOTOMEL;5.709;5.163;6.833;5.381;4.823;4.261;4.835;5.266;4.202;5.309;5.187;4.824;4.203;3.665;3.911;73.572
;;;;;;;;;;;;;;;;
CORVEN;;;;;;;;;;;;;;;;
        CORVEN ENERGY 110 BY CORVEN;2.872;3.010;5.053;3.379;3.110;2.409;2.600;2.891;1.875;2.168;2.008;1.758;1.720;2.394;2.234;39.481
        CORVEN MIRAGE 110;504;439;642;486;534;498;529;808;518;687;614;567;435;628;568;8.457
        CORVEN TRIAX 150;503;488;650;560;476;415;431;568;398;493;523;524;557;645;439;7.670
        CORVEN HUNTER 150;197;197;293;;214;161;194;225;111;86;74;142;148;146;107;2.295
        CORVEN TRIAX 250;89;97;;108;145;117;186;126;111;103;103;96;85;54;59;1.479
        CORVEN DX 70;51;73;127;94;141;95;108;107;73;85;81;52;34;24;19;1.164
        CORVEN TRIAX 200;50;45;45;69;66;61;49;50;41;57;64;64;67;55;40;823
        CORVEN EXPERT 150;51;43;72;34;57;29;27;38;36;66;57;53;52;43;25;683
        CORVEN EXPERT 80;34;24;42;40;34;17;32;19;23;24;15;20;15;15;24;378
        CORVEN HUNTER 150;;;;246;;;;;;;;;;;;246
        CORVEN TRIAX 250 TOURING;2;5;13;7;13;9;13;19;13;21;17;5;1;7;4;149
        CORVEN TRIAX 250;;;120;;;;;;;;;;;;;120
        CORVEN ENERGY 125;;;5;1;;;1;;;;;;;;;7
        CORVEN ENERGY 110 TUNING;;;;;;;;;;;;;;1;1;2
Subtotal: CORVEN;4.353;4.421;7.062;5.024;4.790;3.811;4.170;4.851;3.199;3.790;3.556;3.281;3.114;4.012;3.520;62.954
;;;;;;;;;;;;;;;;
GILERA;;;;;;;;;;;;;;;;
        GILERA SMASH;2.231;2.437;4.140;3.264;2.794;2.236;2.569;3.232;2.779;3.656;3.478;2.610;1.998;1.853;1.942;41.219
        GILERA SAHEL 150;172;175;263;281;328;311;354;453;339;345;253;216;197;185;216;4.088
        GILERA VC 150;166;145;259;237;186;209;266;219;221;347;300;335;262;269;355;3.776
        GILERA SMX 200;130;124;213;197;163;104;112;124;103;138;147;100;102;105;108;1.970
        GILERA VOGE 300DS;46;25;23;53;92;78;93;154;181;145;100;28;84;77;60;1.239
        GILERA VOGE 500DS;51;35;77;107;93;79;103;117;110;94;64;21;56;49;33;1.089
        GILERA VOGE 650DS;50;29;45;48;53;40;42;53;53;70;65;34;68;59;56;765
        GILERA VOGE 300 RALLY;;25;23;13;36;43;46;90;103;81;51;15;41;35;28;630
        GILERA SG 150;26;32;71;46;53;25;24;20;28;62;65;38;32;28;27;577
        GILERA SMX 250;36;55;48;44;42;33;47;44;24;48;33;22;21;28;35;560
        GILERA AC4;22;24;49;39;36;33;26;33;29;56;27;23;21;22;24;464
        GILERA VOGE 300AC;18;27;38;28;36;20;31;38;23;39;21;10;14;18;20;381
        GILERA VOGE SR4 MAX;;;;;;1;29;58;39;39;41;24;36;47;27;341
        GILERA VOGE 500R;23;11;11;15;33;21;32;40;38;34;28;10;23;13;7;339
        GILERA VC 70;8;3;21;18;10;10;11;15;25;17;24;19;12;11;15;219
        GILERA GX1;;;;11;14;15;19;20;15;23;;;25;39;34;215
        GILERA VOGE 300;23;9;13;16;21;16;22;25;17;23;7;3;1;7;2;205
        GILERA VOGE 500AC;;;;;;;8;17;11;19;20;4;8;6;6;99
        GILERA VC 200 R;14;12;13;18;13;1;1;4;7;1;4;6;;;;94
        GILERA GX1;10;12;16;;;;;;;;19;16;;;;73
        GILERA FR-200 HOT BEAR;;;;;;;;;;;;;3;4;3;10
        GILERA EG2;;;;;;;;;;;;3;2;2;2;9
        GILERA EG2;;;;;;;;;;7;;;;;;7
        GILERA YL 200;;1;2;;;;;1;1;1;;;;;;6
        GILERA EG2;;;;;;;;6;;;;;;;;6
        GILERA EG2;;;;;;;;;6;;;;;;;6
        GILERA SUPER SPORT;2;1;;;;;;;;;;;;;;3
        GILERA EG2;;;;;;;;;;;3;;;;;3
        GILERA EG2;2;;;;;;;;;;;;;;;2
        GILERA SUPER SPORT 150;1;1;;;;;;;;;;;;;;2
        GILERA YL 200;2;;;;;;;;;;;;;;;2
        GILERA EG2;;2;;;;;;;;;;;;;;2
        GILERA EG2;;;2;;;;;;;;;;;;;2
        GILERA EXTRA;;;2;;;;;;;;;;;;;2
        GILERA EG2;;;;;2;;;;;;;;;;;2
        GILERA FUTURA;1;;;;;;;;;;;;;;;1
        GILERA G150 SUPER SPORT;1;;;;;;;;;;;;;;;1
        GILERA MACHO;1;;;;;;;;;;;;;;;1
        GILERA SPRING 200;1;;;;;;;;;;;;;;;1
        GILERA SPRING COUNTRY TC;1;;;;;;;;;;;;;;;1
        GILERA SPRINT COUNTRY;1;;;;;;;;;;;;;;;1
        GILERA 1970;;1;;;;;;;;;;;;;;1
        GILERA EXTRA 200;;1;;;;;;;;;;;;;;1
        GILERA GT200;;1;;;;;;;;;;;;;;1
        GILERA MONOSHOCK;;1;;;;;;;;;;;;;;1
        GILERA SPORT;;1;;;;;;;;;;;;;;1
        GILERA FUTURA;;;1;;;;;;;;;;;;;1
        GILERA GILERA 200;;;1;;;;;;;;;;;;;1
        GILERA VC150 SUPER SPORT;;;1;;;;;;;;;;;;;1
        GILERA FR-110 FREE RUNNER;;;;;1;;;;;;;;;;;1
        GILERA FR-250;;;;;1;;;;;;;;;;;1
        GILERA EG2;;;;;;;1;;;;;;;;;1
Subtotal: GILERA;3.039;3.190;5.332;4.435;4.007;3.275;3.836;4.763;4.152;5.245;4.750;3.537;3.006;2.857;3.000;58.424
;;;;;;;;;;;;;;;;
ZANELLA;;;;;;;;;;;;;;;;
        ZANELLA ZB 110;1.559;1.233;1.688;1.517;1.481;1.201;1.195;1.466;911;1.114;1.150;981;682;675;529;17.382
        ZANELLA ZB 110 RT;1.105;855;1.122;1.110;934;574;942;1.338;1.000;1.139;1.055;897;833;744;668;14.316
        ZANELLA RX 150 Z7;277;323;498;381;371;352;377;467;383;486;437;425;318;325;362;5.782
        ZANELLA DUE CLASSIC;343;264;368;400;348;284;361;454;283;366;351;318;219;245;189;4.793
        ZANELLA ZR 150 ZT;;;333;312;342;340;309;408;133;139;106;72;46;36;30;2.606
        ZANELLA ZR 150;69;91;100;80;109;76;80;111;136;208;298;246;144;190;150;2.088
        ZANELLA ZB 125 R;147;133;224;186;171;91;112;182;142;167;104;100;94;99;95;2.047
        ZANELLA SAPUCAI 150 F;70;69;104;70;83;67;90;119;73;86;75;73;68;60;55;1.162
        ZANELLA CECCATO R 150;58;43;63;65;46;44;46;60;60;77;69;48;27;21;24;751
        ZANELLA HOT 90;71;78;107;;86;56;67;75;;78;;56;;;;674
        ZANELLA PATAGONIAN EAGLE 150;61;46;59;37;38;37;32;44;45;52;47;52;35;25;23;633
        ZANELLA ZR 150 ZT;249;271;;;;;;;;;;;;;;520
        ZANELLA STYLER 150 RT;30;22;34;38;38;26;40;45;41;35;45;37;25;16;21;493
        ZANELLA STYLER 150 EXCLUSIVE;;99;143;;122;81;;;;;;;;;;445
        ZANELLA STYLER 150 EXCLUSIVE;;;;;;;;;;87;;59;75;110;47;378
        ZANELLA Z MAX 200;24;22;28;16;33;17;22;42;24;31;29;19;9;12;8;336
        ZANELLA ZR 250;5;11;17;12;15;17;18;48;23;33;43;26;29;22;14;333
        ZANELLA STYLER 150 EXCLUSIVE;119;;;103;;;90;;;;;;;;;312
        ZANELLA HOT 90;;;;78;;;;;60;;61;;44;37;31;311
        ZANELLA STYLER 150 EXCLUSIVE;;;;;;;;101;99;;100;;;;;300
        ZANELLA ZR 200;5;;14;21;12;12;20;28;27;33;41;48;;18;18;297
        ZANELLA CRUISER X 150;21;32;25;15;20;6;10;5;21;32;40;22;11;16;11;287
        ZANELLA CRUISER X1;12;3;11;3;10;10;4;16;7;17;10;28;45;37;18;231
        ZANELLA RZ 650 MT;42;20;23;19;12;5;6;4;7;10;4;1;2;5;;160
        ZANELLA RZ 400;12;13;12;11;2;3;5;4;3;1;;;;;;66
        ZANELLA PATAGONIAN EAGLE 250;2;2;5;3;7;4;4;3;4;4;2;2;1;;;43
        ZANELLA CECCATO X 700;7;6;5;4;2;;1;2;4;4;2;;1;;;38
        ZANELLA RZ 300;6;7;5;4;1;3;1;5;2;;1;;1;;1;37
        ZANELLA RZ 650;8;1;7;4;;1;1;2;;1;;1;1;1;;28
        ZANELLA CECCATO 250 X;;;;;;2;;6;1;2;4;1;5;2;;23
        ZANELLA RX150;;;7;;4;;4;3;;;;;;;;18
        ZANELLA ZR 200;;;;;;;;;;;;;18;;;18
        ZANELLA RX150;3;5;;1;;2;;;3;;1;1;;;;16
        ZANELLA GFORCE250;;2;3;2;2;;2;1;;;1;;1;;2;16
        ZANELLA CECCATO V 250 I;;;;;;;;;;5;6;;;;;11
        ZANELLA RX 150 G3;;1;2;1;;2;1;1;;;;;;;;8
        ZANELLA CECCATO 250 X;;;5;;3;;;;;;;;;;;8
        ZANELLA CECCATO X 250;;;;;;;;1;;1;2;2;1;;;7
        ZANELLA STYLER RS 150;;;;;;;;;;;;;;3;4;7
        ZANELLA OTROS;1;;2;;;1;;;;;;;1;1;;6
        ZANELLA ZB 110 D;;1;2;;1;1;;;;1;;;;;;6
        ZANELLA ZR 200;;6;;;;;;;;;;;;;;6
        ZANELLA CECCATO 250 X;3;;;;;;2;;;;;;;;;5
        ZANELLA DUE CLASSIC 110;3;;;;;;;;;;1;;;;;4
        ZANELLA GT2I;1;1;;;1;;1;;;;;;;;;4
        ZANELLA TRICARGO MAX 125;;;;1;1;;;1;;;;;;;1;4
        ZANELLA STYLER 150 CRUISER;;;;;1;;;1;;;;2;;;;4
        ZANELLA RX 150 G3;3;;;;;;;;;;;;;;;3
        ZANELLA STYLER 150 RS;;1;1;;;;;;;1;;;;;;3
        ZANELLA PATAGONIAN EAGLE 350;1;;;;;;;;1;;;;;;;2
        ZANELLA RZ 25;1;;;;1;;;;;;;;;;;2
        ZANELLA CECCATO V 250 I;;;1;;1;;;;;;;;;;;2
        ZANELLA 50 V3 KS;1;;;;;;;;;;;;;;;1
        ZANELLA CICLOMOTOR 50V3 KS;1;;;;;;;;;;;;;;;1
        ZANELLA PONDEROSA;1;;;;;;;;;;;;;;;1
        ZANELLA TURISMO;1;;;;;;;;;;;;;;;1
        ZANELLA V3;1;;;;;;;;;;;;;;;1
        ZANELLA ZANELLA ESPECIAL;1;;;;;;;;;;;;;;;1
        ZANELLA 125 RUTERA;;1;;;;;;;;;;;;;;1
        ZANELLA CECCATO 250 X;;1;;;;;;;;;;;;;;1
        ZANELLA RX 150 NEXT;;1;;;;;;;;;;;;;;1
        ZANELLA RB 200;;;1;;;;;;;;;;;;;1
        ZANELLA RX 150 G3;;;;;;;;;1;;;;;;;1
        ZANELLA TRICARGO 4 TIEMPOS;;;;;;;;;1;;;;;;;1
        ZANELLA E STYLER;;;;;;;;;;;1;;;;;1
        ZANELLA CECCATO V 250 I;;;;;;;;;;;;1;;;;1
        ZANELLA MOD;;;;;;;;;;;;1;;;;1
        ZANELLA RX 200;;;;;;;;;;;;;1;;;1
Subtotal: ZANELLA;4.324;3.664;5.019;4.494;4.298;3.315;3.843;5.043;3.495;4.210;4.086;3.519;2.737;2.700;2.301;57.048
;;;;;;;;;;;;;;;;
KELLER;;;;;;;;;;;;;;;;
        KELLER KN110-8;1.608;1.383;2.013;1.925;1.919;1.750;1.965;2.086;1.566;2.116;2.684;2.747;2.260;1.802;1.633;29.457
        KELLER KN150-13;123;84;134;116;95;73;106;110;66;111;97;116;90;70;66;1.457
        KELLER KN150GY;82;61;66;73;65;47;42;80;44;63;80;86;65;54;62;970
        KELLER KN200GY;25;15;7;9;15;26;21;15;15;29;35;33;30;28;13;316
        KELLER KN250GY;8;3;12;10;6;7;10;12;15;25;19;16;13;11;4;171
Subtotal: KELLER;1.846;1.546;2.232;2.133;2.100;1.903;2.144;2.303;1.706;2.344;2.915;2.998;2.458;1.965;1.778;32.371
;;;;;;;;;;;;;;;;
BAJAJ;;;;;;;;;;;;;;;;
        BAJAJ ROUSER 200;883;;;782;732;730;791;866;657;1.059;1.123;744;754;610;489;10.220
        BAJAJ DOMINAR D400;398;299;416;337;353;264;201;236;213;255;239;84;135;125;59;3.614
        BAJAJ ROUSER NS 160;298;253;203;135;242;181;222;306;196;246;215;148;169;220;162;3.196
        BAJAJ ROUSER NS 125;;;;;555;403;;319;288;483;405;250;;265;208;3.176
        BAJAJ ROUSER NS 125;690;544;582;698;;;315;;;;;;262;;;3.091
        BAJAJ DOMINAR 250;246;208;185;260;204;140;180;212;204;281;199;102;104;88;54;2.667
        BAJAJ BOXER BM 150;134;135;134;68;129;108;181;170;139;188;140;99;89;77;66;1.857
        BAJAJ ROUSER 200;;726;1.026;;;;;;;;;;;;;1.752
        BAJAJ ROUSER N 250;;;;;;;;21;131;187;169;91;70;45;22;736
        BAJAJ ROUSER RS 200;2;10;6;3;3;;3;;;;3;1;7;5;3;46
        BAJAJ AVENGER 220;5;2;2;2;2;2;2;11;5;4;1;1;2;1;;42
        BAJAJ ROUSER NS 200 FI ABS;2;3;5;2;3;;1;1;1;2;2;;;;1;23
        BAJAJ V15;;2;5;2;2;1;;2;1;;1;1;2;;1;20
        BAJAJ ROUSER 135;;3;2;1;;;;1;;;;1;;;;8
        BAJAJ DISCOVER 125;1;;;1;1;;;;;;;;;;;3
        BAJAJ 150;;;1;;;;;;;;;;;;;1
        BAJAJ ROUSER 220;;;1;;;;;;;;;;;;;1
Subtotal: BAJAJ;2.659;2.185;2.568;2.291;2.226;1.829;1.896;2.145;1.835;2.705;2.497;1.522;1.594;1.436;1.065;30.453
;;;;;;;;;;;;;;;;
MONDIAL;;;;;;;;;;;;;;;;
        MONDIAL LD 110 MAX;;;;;;29;232;956;593;726;932;801;924;806;815;6.814
        MONDIAL LD 110-RT;150;315;697;686;808;478;337;340;113;110;54;65;80;65;33;4.331
        MONDIAL LD 110 MAX-AD;462;;569;518;469;237;224;239;124;113;104;99;79;78;79;3.394
        MONDIAL LD 110 MAX-RT;782;453;345;199;175;112;109;101;83;82;70;51;46;32;42;2.682
        MONDIAL TD150L;135;119;111;111;103;83;93;143;93;95;125;88;83;74;92;1.548
        MONDIAL LD 110 S;;;;;;;512;;299;315;;;162;;147;1.435
        MONDIAL LD 110 S;;;;;;406;;325;;;;196;;128;;1.055
        MONDIAL RD 150N-RT;111;80;112;100;98;74;65;86;61;73;44;41;17;19;13;994
        MONDIAL LD 110 S;249;298;;292;;;;;;;;;;;;839
        MONDIAL DAX 70;64;54;92;70;59;50;46;52;48;61;59;45;42;38;40;820
        MONDIAL RD 150N-AD;58;43;58;41;46;29;35;30;15;21;19;25;6;3;8;437
        MONDIAL RD150 H;;;;;;;;1;17;;;50;82;156;102;408
        MONDIAL TD 250;24;17;23;17;20;13;22;20;82;30;38;24;20;5;9;364
        MONDIAL LD 110 S;;;352;;;;;;;;;;;;;352
        MONDIAL LD 110 MAX-AD;;342;;;;;;;;;;;;;;342
        MONDIAL LD 110 S;;;;;330;;;;;;;;;;;330
        MONDIAL HD 150;;1;8;29;27;28;33;45;23;22;33;32;18;15;10;324
        MONDIAL RD 150 CLASSIC;19;15;24;21;30;17;31;32;19;25;30;24;11;6;7;311
        MONDIAL LD 110 S;;;;;;;;;;;250;;;;;250
        MONDIAL MD 150 ALLEGRO;10;19;21;25;17;13;13;17;14;17;14;12;9;7;11;219
        MONDIAL MD 150;16;10;25;18;10;10;11;23;11;15;8;13;9;12;5;196
        MONDIAL RV 125;6;7;7;5;5;4;8;4;4;6;2;11;3;9;3;84
        MONDIAL W150;6;4;9;4;6;5;6;9;6;5;9;4;2;2;1;78
        MONDIAL HD 250;9;6;4;5;7;4;3;7;5;;12;;2;2;4;70
        MONDIAL RD150 H;;;;;;;;;;;25;;;;;25
        MONDIAL RD150 H;;;;;;;;;;21;;;;;;21
        MONDIAL LD 110-AD;2;3;;1;;1;;1;1;1;2;;;;2;14
        MONDIAL HD 250;;;;;;;;;;11;;;;;;11
        MONDIAL RD150 H;;1;1;1;;;1;;;;;;;;;4
        MONDIAL W250 SPORT;;;;;;1;;;1;;;;;;;2
        MONDIAL QJ100E;;;;;;;;;;;;;;1;;1
Subtotal: MONDIAL;2.103;1.787;2.458;2.143;2.210;1.594;1.781;2.431;1.612;1.749;1.830;1.581;1.595;1.458;1.423;27.755
;;;;;;;;;;;;;;;;
YAMAHA;;;;;;;;;;;;;;;;
        YAMAHA T110;426;373;446;371;288;160;104;117;69;86;46;48;37;39;26;2.636
        YAMAHA YBR 125 Z;68;91;211;174;188;141;180;197;133;173;190;121;108;67;43;2.085
        YAMAHA YBR 125 ED;822;354;311;139;117;42;47;42;30;38;26;27;14;11;6;2.026
        YAMAHA FZ-S FI V3.0;;;;;;1;56;137;119;227;418;357;273;192;155;1.935
        YAMAHA XTZ 125 E;;;;;;;;207;201;257;299;195;211;152;85;1.607
        YAMAHA FZ FI;217;133;156;144;133;90;77;88;71;76;77;34;40;38;13;1.387
        YAMAHA RAY ZR 125 FI;53;35;72;66;77;55;42;41;42;97;180;126;149;88;84;1.207
        YAMAHA FZ 25;91;74;78;103;173;53;59;102;51;65;60;37;17;17;8;988
        YAMAHA XTZ 125 E;214;123;155;117;98;78;118;;;;;;;;;903
        YAMAHA FASCINO 125 FI;;55;;55;60;43;49;73;60;112;95;61;74;71;54;862
        YAMAHA FZ-S FI D;123;117;161;105;70;41;19;29;22;32;20;16;9;11;9;784
        YAMAHA NMAX CONNECTED;;;6;79;59;71;48;48;64;98;70;28;45;29;43;688
        YAMAHA FZ25 ABS;;;;;;;;10;24;53;64;59;59;52;24;345
        YAMAHA XTZ 250 ABS;45;24;20;25;17;19;15;16;11;21;14;8;7;11;12;265
        YAMAHA CYGNUS RAY ZR;63;33;35;26;9;15;2;5;3;11;2;2;4;2;1;213
        YAMAHA FASCINO 125 FI;84;;70;;;;;;;;;;;;;154
        YAMAHA MT03 ABS;;;;;;;16;42;37;17;6;4;10;4;6;142
        YAMAHA YBR Z;;;;;;;;;;;;;1;45;81;127
        YAMAHA YFM 700 R;18;;;2;6;4;7;19;20;;;25;;14;;115
        YAMAHA YFM 700 R;;;;;;;;;;31;21;;28;;13;93
        YAMAHA NM-X 155;33;11;4;4;1;1;1;2;3;1;;1;1;;;63
        YAMAHA MT 03A;4;1;7;2;1;5;6;3;3;2;;1;;;;35
        YAMAHA XTZ 150;3;5;6;4;2;2;2;;1;2;1;;1;;1;30
        YAMAHA SZ 15 RR;4;1;2;3;3;;;;1;;;1;;;;15
        YAMAHA YFM 700 R;;9;4;;;;;;;;;;;;;13
        YAMAHA FZ-X;;;;;;;;;;;;;;2;9;11
        YAMAHA FZ-S FI;1;1;;1;1;;;2;1;1;;;;;;8
        YAMAHA XTZ 250;3;;;;;;2;;;;;1;;;;6
        YAMAHA YZF-R3A;;;;2;;;;;1;1;;;;1;1;6
        YAMAHA YZ 250 F;;;;;1;;;;;2;2;;;;;5
        YAMAHA YZ 250;1;;;;;;;;;1;1;;;;;3
        YAMAHA RX 100;;;;;;1;;1;1;;;;;;;3
        YAMAHA SUPER TENERE;2;;;;;;;;;;;;;;;2
        YAMAHA RD 400;1;;;;;;;;;;;;;;;1
        YAMAHA RX 125;1;;;;;;;;;;;;;;;1
        YAMAHA DT 125;;1;;;;;;;;;;;;;;1
        YAMAHA YBR 125;;;1;;;;;;;;;;;;;1
        YAMAHA YZ 250 F;;;1;;;;;;;;;;;;;1
        YAMAHA AXIS 90;;;;;1;;;;;;;;;;;1
        YAMAHA V80 (MATE);;;;;;1;;;;;;;;;;1
        YAMAHA YFB250;;;;;;;1;;;;;;;;;1
        YAMAHA YZ 450 FX;;;;;;;1;;;;;;;;;1
        YAMAHA YZ 125;;;;;;;;;;;;1;;;;1
        YAMAHA DT 175;;;;;;;;;;;;;1;;;1
        YAMAHA CRYPTON;;;;;;;;;;;;;;1;;1
        YAMAHA TTR110E;;;;;;;;;;;;;;;1;1
        YAMAHA YZF-R6;;;;;;;;;;;;;;;1;1
Subtotal: YAMAHA;2.277;1.441;1.746;1.422;1.305;823;852;1.181;968;1.404;1.592;1.153;1.089;847;676;18.776
;;;;;;;;;;;;;;;;
GUERRERO;;;;;;;;;;;;;;;;
        GUERRERO G110 TRIP;577;555;632;529;556;432;530;617;405;673;378;267;258;247;314;6.970
        GUERRERO G125 TRIP;53;49;68;68;51;47;77;62;47;71;58;44;29;31;37;792
        GUERRERO GC150 URBAN;45;36;41;29;35;18;46;43;26;39;31;24;15;22;29;479
        GUERRERO GT70;32;25;50;28;31;15;23;33;25;45;41;21;37;28;33;467
        GUERRERO GXL 150 TUNDRA;13;30;23;18;12;12;22;10;20;24;29;22;20;26;18;299
        GUERRERO G3R200;6;4;1;4;7;5;5;16;9;15;6;3;10;6;8;105
        GUERRERO GXR250 TUNDRA;3;1;1;;1;2;4;5;3;9;3;6;7;5;4;54
        GUERRERO GXR 300;;;;1;1;1;;2;4;5;3;3;8;5;3;36
        GUERRERO G110 DL;;;;;2;7;3;;;;;;;;;12
        GUERRERO GRM 150;1;;;;;;1;;;1;;;;;;3
        GUERRERO GR6;;;;;;;1;1;;;;;;;;2
        GUERRERO G100 TRIP;;;;1;;;;;;;;;;;;1
        GUERRERO ARGEN-CARGO 110;;;;;1;;;;;;;;;;;1
        GUERRERO GR1 200;;;;;;;;;1;;;;;;;1
        GUERRERO G 70;;;;;;;;;;;;;;;1;1
Subtotal: GUERRERO;730;700;816;678;697;539;712;789;540;882;549;390;384;370;447;9.223
;;;;;;;;;;;;;;;;
BENELLI;;;;;;;;;;;;;;;;
        BENELLI TNT 15;114;134;119;83;56;46;65;98;97;109;89;106;68;51;58;1.293
        BENELLI TRK 502 X;125;71;128;69;79;63;53;63;114;105;66;38;58;40;47;1.119
        BENELLI 302 S;110;91;119;68;77;83;79;86;55;72;82;46;49;49;27;1.093
        BENELLI 180 S;72;70;104;91;57;56;59;101;71;87;86;53;72;63;28;1.070
        BENELLI TRK 502;80;62;87;37;46;57;25;44;87;89;69;44;39;40;27;833
        BENELLI TRK 251;74;52;64;81;55;39;36;47;45;70;86;36;42;25;29;781
        BENELLI LEONCINO 250;29;24;40;29;34;29;15;28;14;35;42;24;15;15;7;380
        BENELLI TNT 600;16;21;22;16;15;20;16;21;18;29;22;4;15;6;4;245
        BENELLI 752S;21;23;21;14;16;13;18;19;30;18;18;5;7;3;1;227
        BENELLI LEONCINO 500;20;14;19;18;17;10;14;19;20;23;14;7;7;6;8;216
        BENELLI 502C;18;12;18;19;16;23;6;6;10;16;13;5;5;3;1;171
        BENELLI IMPERIALE 400;20;7;13;18;16;19;4;10;16;7;13;8;4;6;3;164
        BENELLI TNT 25;;1;1;;;3;4;12;12;28;22;17;24;19;11;154
        BENELLI TNT 135;4;2;5;;;;;;1;3;1;;;1;;17
        BENELLI 302 R;1;1;1;2;3;;2;1;;1;;;1;;;13
        BENELLI TNT 600 GT;3;;;;1;;;2;1;;;;;;;7
        BENELLI TNT 300;;1;1;2;1;1;;;;1;;;;;;7
        BENELLI ZAFFERANO 250;;;;;;;;;;;;1;;;;1
        BENELLI CAFFENERO 150;;;;;;;;;;;;;;;1;1
Subtotal: BENELLI;707;586;762;547;489;462;396;557;591;693;623;394;406;327;252;7.792
;;;;;;;;;;;;;;;;
ROYAL ENFIELD;;;;;;;;;;;;;;;;
        ROYAL ENFIELD HIMALAYAN 411;180;90;138;160;219;99;110;141;63;54;22;55;4;14;33;1.382
        ROYAL ENFIELD INTERCEPTOR 650;127;107;192;130;160;149;94;63;9;96;89;55;43;37;27;1.378
        ROYAL ENFIELD METEOR 350;114;63;55;86;104;59;108;89;109;98;79;48;75;46;49;1.182
        ROYAL ENFIELD HUNTER 350;;;;6;69;95;138;142;104;150;120;65;68;58;53;1.068
        ROYAL ENFIELD CLASSIC 350;76;58;98;79;59;75;53;120;48;38;45;23;31;28;22;853
        ROYAL ENFIELD SCRAM;67;39;40;67;39;71;59;106;60;92;47;35;40;32;32;826
        ROYAL ENFIELD SUPER METEOR 650;;;;;;;;;104;59;73;58;81;41;32;448
        ROYAL ENFIELD CONTINENTAL 650;19;5;3;17;23;21;14;7;3;8;26;8;8;13;10;185
Subtotal: ROYAL ENFIELD;583;362;526;545;673;569;576;668;500;595;501;347;350;269;258;7.322
;;;;;;;;;;;;;;;;
SIAM;;;;;;;;;;;;;;;;
        SIAM QU 110;272;272;261;84;135;126;153;228;337;607;749;572;240;215;321;4.572
        SIAM QU 110 BASE;;;;;;;;;;;;70;187;195;186;638
        SIAM TRENDER 150;25;15;11;10;13;14;16;42;44;84;104;52;44;41;36;551
        SIAM QUIRION 150;;;;;;;;10;31;86;124;72;34;45;72;474
        SIAM N4;6;5;17;16;12;12;11;11;9;18;23;26;26;16;18;226
Subtotal: SIAM;303;292;289;110;160;152;180;291;421;795;1.000;792;531;512;633;6.461
;;;;;;;;;;;;;;;;
KTM;;;;;;;;;;;;;;;;
        KTM DUKE 200;135;114;145;191;233;101;178;195;124;140;84;78;167;207;68;2.160
        KTM 390 ADVENTURE;77;63;122;108;148;112;77;102;63;83;27;13;34;38;43;1.110
        KTM DUKE 390;33;12;20;23;37;26;44;68;24;49;13;8;14;14;16;401
        KTM DUKE 250;37;23;47;34;25;28;23;27;14;21;45;21;21;12;4;382
        KTM 790 ADVENTURE R;14;16;12;10;16;20;11;25;23;24;;6;20;11;8;216
        KTM 250 ADVENTURE;16;15;16;7;8;8;10;20;21;34;12;15;9;8;5;204
        KTM 790 ADVENTURE;15;14;11;1;6;6;17;16;8;14;13;3;29;16;8;177
        KTM DUKE 200 G2;10;10;8;7;10;2;16;13;7;10;8;3;2;1;4;111
        KTM RC 200;9;1;3;12;17;10;12;15;7;8;4;3;3;3;2;109
        KTM KTM 350 EXC-F;;2;1;1;3;4;3;4;1;9;15;2;5;4;5;59
        KTM 1290 SUPER ADVENTURE R;;;;;;1;6;7;4;10;4;1;2;16;4;55
        KTM RC 390 G2;7;5;3;4;8;8;5;3;4;1;1;2;2;1;;54
        KTM SX-F 350;;;3;4;1;;6;5;4;5;2;3;2;;2;37
        KTM 1290 SUPER ADVENTURE S;2;;3;3;5;2;2;;;;3;1;3;4;;28
        KTM 790 ADVENTURE R;;;;;;;;;;;23;;;;;23
        KTM 690 ENDURO R;;;;;5;6;2;1;;;1;;;;;15
        KTM ADVENTURE 890 R;;;;;;;;;;;;;6;3;5;14
        KTM 350 EXC-F;1;1;1;1;1;2;;3;1;2;;;;;;13
        KTM 250 SX-F;1;;;;1;1;;;1;;;2;;1;;7
        KTM 65 SX;;;1;;;;;;1;;;;;;1;3
        KTM 450 SX-F;;;;;1;;;1;;;1;;;;;3
        KTM 85 SX;;;;;;;;;1;;2;;;;;3
        KTM 350 XC-F;;;;1;;;;;;;1;;;;;2
        KTM 300 XC;;;;;;;;1;;;;;1;;;2
        KTM 250 EXC-F SIX DAYS;;;;;;;;;;1;;1;;;;2
        KTM 1090 ADVENTURE R;;;1;;;;;;;;;;;;;1
        KTM 250 XC;;;;1;;;;;;;;;;;;1
        KTM 250 EXC-F;;;;;1;;;;;;;;;;;1
        KTM 300 EXC TPI;;;;;1;;;;;;;;;;;1
        KTM 350 SX-F;;;;;1;;;;;;;;;;;1
        KTM 500 EXC-F 510;;;;;1;;;;;;;;;;;1
        KTM 300 EXC;;;;;;1;;;;;;;;;;1
        KTM 350 EXC-F SIX DAYS;;;;;;1;;;;;;;;;;1
        KTM RC 390;;;;;;1;;;;;;;;;;1
        KTM 450 EXC-F SIX DAYS;;;;;;;;;1;;;;;;;1
        KTM 50 SX;;;;;;;;;;;1;;;;;1
        KTM 300 XC W;;;;;;;;;;;;1;;;;1
        KTM 450 SX-F;;;;;;;;;;;;1;;;;1
        KTM SX-E 5 (ELECTRICA);;;;;;;;;;;;1;;;;1
        KTM 300 EXC SIX DAYS;;;;;;;;;;;;;;1;;1
Subtotal: KTM;357;276;397;408;529;340;412;506;309;411;260;165;320;340;175;5.205
;;;;;;;;;;;;;;;;
KAWASAKI;;;;;;;;;;;;;;;;
        KAWASAKI VERSYS X 300 ABS;97;65;124;120;118;78;55;;71;90;56;23;52;40;31;1.020
        KAWASAKI KLR 650;58;51;53;43;25;27;42;51;40;115;198;65;61;22;;851
        KAWASAKI Z 400 ABS;63;57;68;73;62;43;38;78;64;71;61;19;40;21;27;785
        KAWASAKI KLX 300;;;;;;;;;;;;32;126;81;124;363
        KAWASAKI VERSYS 650 ABS;46;20;34;24;30;25;31;23;24;25;16;8;19;14;10;349
        KAWASAKI NINJA 400 ABS;28;21;26;23;24;21;18;22;19;24;16;6;12;3;4;267
        KAWASAKI VERSYS X 300 ABS;;;;;;;;100;;;;;;;;100
        KAWASAKI Z 900 ABS;;;;14;;;;41;;17;19;7;;;;98
        KAWASAKI Z 900 ABS;;;;;;;;;27;;;;40;11;;78
        KAWASAKI Z 650 ABS;;;;;;;;15;21;;13;11;;;6;66
        KAWASAKI BRUTE FORCE 300;;3;20;3;2;1;10;12;2;3;1;1;2;1;3;64
        KAWASAKI Z 650 ABS;4;3;10;9;3;3;6;;;;;;;;;38
        KAWASAKI NINJA ZX-10R ABS;4;4;4;4;1;3;3;7;3;1;1;;;1;;36
        KAWASAKI Z 900 ABS;;;;;16;18;;;;;;;;;;34
        KAWASAKI KLR 650;;;;;;;;;;;;;;;34;34
        KAWASAKI Z 650 ABS;;;;;;;;;;10;;;12;8;;30
        KAWASAKI Z 900 ABS;;;12;;;;15;;;;;;;;;27
        KAWASAKI KLX 300R;;;;;;;;;;;;2;13;4;;19
        KAWASAKI KX250F;1;2;3;1;1;;1;1;1;2;;1;1;;1;16
        KAWASAKI VERSYS 1000 ABS;1;;2;1;1;1;;;;1;2;5;1;1;;16
        KAWASAKI Z 900 ABS;;;;;;;;;;;;;;;14;14
        KAWASAKI VULCAN 650 S ABS;;;;1;;1;2;;1;2;3;1;;;2;13
        KAWASAKI NINJA 650 ABS;5;2;1;;;;1;;1;;;;;;;10
        KAWASAKI KX 250;;1;;;;;;;;1;2;1;;1;2;8
        KAWASAKI Z 900 ABS;5;2;;;;;;;;;;;;;;7
        KAWASAKI KX450F;1;2;;;;;;1;;;;1;;;1;6
        KAWASAKI NINJA 1000;1;1;;;2;;;;;1;;;;;1;6
        KAWASAKI NINJA 400;1;1;1;;1;;1;;;;;;;;;5
        KAWASAKI KX85;;1;1;;;;;1;;;;1;;;;4
        KAWASAKI NINJA ZX-14R ABS;;;;;;1;;1;;;;;;;1;3
        KAWASAKI VULCAN 900 CUSTOM;;1;;;;;;;;;1;;;;;2
        KAWASAKI NINJA 1000 SX;;;1;;;;;;;1;;;;;;2
        KAWASAKI NINJA ZX6 R ABS;;;;;;;;;;;1;;;1;;2
        KAWASAKI KX65;;;;;;;;;;;;2;;;;2
        KAWASAKI BAYON 220;;1;;;;;;;;;;;;;;1
        KAWASAKI GPZ 250R;;;1;;;;;;;;;;;;;1
        KAWASAKI AN110B;;;;;;;;;;;1;;;;;1
        KAWASAKI KMX 125;;;;;;;;;;;1;;;;;1
        KAWASAKI KX250;;;;;;;;;;;;;1;;;1
        KAWASAKI AN110C;;;;;;;;;;;;;;1;;1
Subtotal: KAWASAKI;315;238;361;316;286;222;223;353;274;364;392;186;380;210;261;4.381
;;;;;;;;;;;;;;;;
HERO;;;;;;;;;;;;;;;;
        HERO XPULSE 200;108;99;130;71;67;66;87;144;215;283;190;124;100;82;54;1.820
        HERO HUNK 150;137;77;70;52;42;28;23;55;79;103;98;39;43;37;36;919
        HERO HUNK 160R;25;36;61;72;43;21;18;36;50;64;25;19;16;12;1;499
        HERO HUNK 190R;48;48;46;41;32;18;19;29;45;57;41;24;11;10;7;476
        HERO DASH;10;17;15;7;10;6;5;6;12;27;20;11;13;12;8;179
        HERO XPULSE 200T;4;5;9;1;4;6;7;8;6;17;6;7;1;2;;83
        HERO IGNITOR;;2;2;1;1;4;3;2;4;1;9;14;12;9;8;72
        HERO HUNK 200;;;1;;;;;;;;;;;;;1
Subtotal: HERO;332;284;334;245;199;149;162;280;411;552;389;238;196;164;114;4.049
;;;;;;;;;;;;;;;;
SUZUKI;;;;;;;;;;;;;;;;
        SUZUKI AX 100;223;;;208;185;116;161;199;165;194;;166;162;137;99;2.015
        SUZUKI GN 125-F;71;47;72;63;55;46;60;54;61;98;85;65;62;97;56;992
        SUZUKI AX 100;;193;286;;;;;;;;143;;;;;622
        SUZUKI GSX 125 R;;;;;;1;6;10;12;31;31;27;30;14;19;181
        SUZUKI DL650;17;3;6;2;13;5;6;6;5;3;4;3;1;8;11;93
        SUZUKI DR650SE;;;;;;;;;;;;;9;22;31;62
        SUZUKI DL1050RC;2;1;5;4;;1;2;;;1;1;1;2;1;3;24
        SUZUKI GSX 750;1;;1;1;;5;;1;3;;1;1;1;;1;16
        SUZUKI GSX R1000RA;;;;;;4;3;1;2;;;1;2;1;1;15
        SUZUKI RM-Z450;1;1;;;;;;;;;;1;;;;3
        SUZUKI GIXXER;;;;;;;;;;;;;1;1;;2
        SUZUKI LT 50;1;;;;;;;;;;;;;;;1
        SUZUKI AX-100;;1;;;;;;;;;;;;;;1
        SUZUKI FZ 50;;;1;;;;;;;;;;;;;1
        SUZUKI TS 185 ER;;;1;;;;;;;;;;;;;1
        SUZUKI FD110D;;;;;;1;;;;;;;;;;1
        SUZUKI RMZ450;;;;;;;;;;;1;;;;;1
Subtotal: SUZUKI;316;246;372;278;253;179;238;271;248;327;266;265;270;281;221;4.031
;;;;;;;;;;;;;;;;
KYMCO;;;;;;;;;;;;;;;;
        KYMCO AGILITY 125;93;82;102;93;115;51;63;31;49;85;80;56;65;38;43;1.046
        KYMCO X-TOWN 250I;40;39;32;28;85;39;23;58;46;48;75;28;53;50;23;667
        KYMCO LIKE 125;15;14;38;35;50;50;27;55;46;56;65;36;49;51;32;619
        KYMCO DOWNTOWN 350I ABS;33;11;24;45;69;39;40;36;33;73;42;13;28;30;18;534
        KYMCO AGILITY 200I;32;22;22;14;28;15;45;41;23;27;29;12;9;8;3;330
        KYMCO AGILITY RS 125 NAKED;21;21;33;30;25;16;12;16;17;14;17;15;12;8;6;263
        KYMCO XCITING S 400I;1;;;;;;;5;18;16;24;8;25;8;5;110
        KYMCO PEOPLE S 150I;9;5;10;4;11;7;;10;9;10;8;2;8;10;6;109
        KYMCO LIKE 200I;9;6;9;5;5;2;3;7;6;6;6;3;2;1;;70
        KYMCO LIKE 150I;5;1;2;3;3;;1;;;;;;;1;;16
        KYMCO PEOPLE 50;;;;;;1;;;;;;;;;;1
Subtotal: KYMCO;258;201;272;257;391;220;214;259;247;335;346;173;251;205;136;3.765
;;;;;;;;;;;;;;;;
CFMOTO;;;;;;;;;;;;;;;;
        CFMOTO 650MT;59;57;67;87;67;63;57;150;131;156;103;41;56;54;51;1.199
        CFMOTO 800MT TOURING;;;20;59;110;78;67;88;60;101;66;21;35;32;27;764
        CFMOTO 400 NK;39;44;60;56;35;8;15;72;61;69;39;10;13;21;23;565
        CFMOTO 300NK;20;29;43;27;28;16;22;58;59;65;27;13;25;16;11;459
        CFMOTO 650GT;15;12;9;9;12;7;8;9;10;20;9;;10;12;10;152
        CFMOTO ATV CFORCE 400;5;6;5;8;9;4;15;7;4;12;2;9;2;1;;89
        CFMOTO ATV CFORCE 625;11;4;13;2;3;2;13;1;1;2;3;4;2;1;;62
        CFMOTO 650 NK;;9;9;5;1;1;1;1;1;15;3;3;1;6;3;59
        CFMOTO 700CL-X HERITAGE;;;;;1;1;4;7;8;8;7;3;5;8;6;58
        CFMOTO 700CL-X ADV;;;;;;;;;2;15;16;;8;10;6;57
        CFMOTO 450SR;;;;;;;;;;;;1;27;8;11;47
        CFMOTO ZFORCE 1000 SPORT;2;3;4;2;4;4;4;2;2;3;4;5;;1;1;41
        CFMOTO ATV CFORCE 1000;3;5;6;2;1;3;1;3;6;2;2;;1;1;;36
        CFMOTO 700MT;;;;;;;;;;;;;;24;9;33
        CFMOTO 300CL-X;;;;;;;;;;;;;9;14;7;30
        CFMOTO 700CL-X;;;3;6;2;6;2;3;5;1;;;1;;;29
        CFMOTO ZFORCE 800 EX;1;;2;3;1;;1;2;2;1;;3;1;;;17
        CFMOTO 700CL-X SPORT;;;;;;;;;;;;;6;3;5;14
        CFMOTO ATV CFORCE 110;;;;;;;;;;;;;2;2;2;6
        CFMOTO CFORCE 1000;;1;;;;;;;1;;;;;;;2
        CFMOTO CF250-A;;;;;;;;1;;;;;;;;1
        CFMOTO 300SR;;;;;;;;;;;;;;;1;1
        CFMOTO UFORCE 1000 XL;;;;;;;;;;;;;;;1;1
Subtotal: CFMOTO;155;170;241;266;274;193;210;404;353;470;281;113;204;214;174;3.722
;;;;;;;;;;;;;;;;
BRAVA;;;;;;;;;;;;;;;;
        BRAVA NEVADA 110;151;80;147;119;100;79;89;88;84;166;153;168;64;68;64;1.620
        BRAVA NEVADA 125;21;28;36;31;69;64;15;11;9;8;4;11;6;8;16;337
        BRAVA ALTINO 150;;;;7;;7;9;;;15;34;25;18;13;8;136
        BRAVA TEXANA HS 250;2;3;6;3;5;5;8;13;10;6;6;6;2;1;4;80
        BRAVA LAZER 70;5;4;8;10;5;2;4;4;4;3;7;2;3;2;2;65
        BRAVA ALTINO 150;9;5;12;;12;;;12;13;;;;;;;63
        BRAVA ELEKTRA 150;12;4;8;6;3;1;5;5;4;2;;1;3;;4;58
Subtotal: BRAVA;200;124;217;176;194;158;130;133;124;200;204;213;96;92;98;2.359
;;;;;;;;;;;;;;;;
BETA;;;;;;;;;;;;;;;;
        BETA TEMPO 150;57;46;50;37;29;28;30;37;27;41;14;17;27;36;43;519
        BETA ZT310T;35;9;20;32;40;32;45;42;;25;5;15;16;16;27;359
        BETA ZT155-G;;;16;16;25;24;21;12;8;14;11;9;16;11;21;204
        BETA ZT155-U;;;7;12;25;18;17;12;5;13;9;9;5;5;11;148
        BETA RR 125 MINI;8;11;13;5;14;10;6;8;9;11;4;7;6;3;1;116
        BETA ZT350T;;;;;;;;;;;1;1;11;39;26;78
        BETA ZT310R;8;7;5;2;6;12;3;8;10;2;2;3;1;2;;71
        BETA ZT310M;;;;;;;;;;3;21;7;19;7;12;69
        BETA RR 110 MINI;6;7;12;4;7;5;4;2;2;5;2;2;3;;;61
        BETA ZT310V;8;5;9;2;8;5;5;4;2;2;2;1;3;;2;58
        BETA MOTARD 2.0;;;1;1;;1;2;3;4;7;7;6;15;4;1;52
        BETA ZONTES 350 GK;;;;;;;;;;;;1;10;17;22;50
        BETA ZONTES 310X;19;8;8;4;3;;1;1;2;1;;;;2;;49
        BETA ZONTES 310R;;2;;;1;;5;12;9;6;6;2;2;3;1;49
        BETA ZT310X;;;;;;;6;3;6;5;8;5;5;4;;42
        BETA MINICROSS 50;5;5;;6;3;7;4;1;2;2;1;1;;;2;39
        BETA RR 300 2T;4;4;1;3;2;2;2;2;1;4;2;2;;3;4;36
        BETA ZT310T;;;;;;;;;32;;;;;;;32
        BETA TR 2.0;;4;;1;6;1;;;2;1;;1;;1;1;18
        BETA RR 150 4T;2;1;;;2;;1;1;1;1;2;1;;1;2;15
        BETA X-TRAINER 300;;;;1;;1;1;1;1;1;;3;2;;1;12
        BETA RR 430;;1;1;1;;1;;1;;1;1;;2;1;;10
        BETA RR 350 X;1;1;;2;;;;;;;;;1;;1;6
        BETA RR 200 2T;;;;;;;;;2;2;1;;;1;;6
        BETA RR 4T 390;;1;;;1;;;;;1;1;;;;1;5
        BETA AKVO 200 RR;2;;1;1;;;;;;;;;;;;4
        BETA RR 480;1;;;;;;;;;;;;2;;;3
        BETA MOTARD 2.5;;;1;;;;;;;;;;;;;1
        BETA BK150;;;;;;;;;;;;;;;1;1
Subtotal: BETA;156;112;145;130;172;147;153;150;125;148;100;93;146;156;180;2.113
;;;;;;;;;;;;;;;;
TVS;;;;;;;;;;;;;;;;
        TVS RTR 200;85;58;71;57;;59;65;62;41;40;15;15;7;10;4;589
        TVS RTR 160;48;35;29;34;42;28;63;61;31;39;13;21;6;4;3;457
        TVS NTORQ 125;31;36;41;38;42;24;17;30;22;28;19;9;19;12;12;380
        TVS RTR 200;;;;;68;;;;;;;;;;;68
        TVS RR 310;;1;;1;1;2;1;;;1;;2;1;;;10
        TVS RTR 150;1;;1;;;;;;;;;;1;;;3
Subtotal: TVS;165;130;142;130;153;113;146;153;94;108;47;47;34;26;19;1.507
;;;;;;;;;;;;;;;;
RVM;;;;;;;;;;;;;;;;
        RVM CZ 250;34;28;46;35;31;40;36;62;32;37;16;12;;43;50;502
        RVM TEKKEN 250;18;12;25;18;21;30;23;28;21;26;11;5;5;5;5;253
        RVM TEKKEN 300;30;12;9;3;16;23;12;12;17;36;19;9;8;6;7;219
        RVM 500-2;17;6;6;10;5;4;9;5;10;12;2;5;16;10;23;140
        RVM 250-9;5;4;6;2;2;2;1;2;3;1;6;3;;1;1;39
        RVM TEKKEN 250-2;;;;;;;;1;7;6;4;4;1;7;8;38
        RVM CZ 250;;;;;;;;;;;;;37;;;37
        RVM V 800;;1;;1;1;2;;2;;;;;;1;;8
        RVM 400 TWINS;;;1;;;;;;;1;;1;;;;3
        RVM CF650;;;;1;;;;;;;;;;;;1
        RVM RM600;;;;;;1;;;;;;;;;;1
        RVM CZ 450;;;;;;;;;;;1;;;;;1
Subtotal: RVM;104;63;93;70;76;102;81;112;90;119;59;39;67;73;94;1.242
;;;;;;;;;;;;;;;;
HUSQVARNA;;;;;;;;;;;;;;;;
        HUSQVARNA SVARTPILEN 200;22;16;19;17;32;24;20;34;50;47;51;33;25;21;14;425
        HUSQVARNA SVARTPILEN 401;21;7;31;21;28;14;14;39;53;33;28;23;4;6;3;325
        HUSQVARNA NORDEN 901;2;1;12;9;12;19;12;16;13;13;10;1;9;8;5;142
        HUSQVARNA TE 300I;3;2;5;5;5;2;5;2;3;4;7;2;5;6;3;59
        HUSQVARNA VITPILEN 401;3;3;5;3;2;3;;1;;1;;;;;;21
        HUSQVARNA 701 ENDURO;5;;;1;;;;;;;;1;1;;1;9
        HUSQVARNA FE 350;;;2;;2;;;;;;;1;;;;5
        HUSQVARNA FC 250;1;;;;;;1;;;;1;1;;;;4
        HUSQVARNA FC 350;1;1;;;;;;;;;;;;;;2
        HUSQVARNA TE 250 I;1;;1;;;;;;;;;;;;;2
        HUSQVARNA TC 125;;1;;;;;;;;;;1;;;;2
        HUSQVARNA VITPLEN 701;;1;;1;;;;;;;;;;;;2
        HUSQVARNA TC 85;;;;;;;;1;;;;;;;1;2
        HUSQVARNA EE 5;1;;;;;;;;;;;;;;;1
        HUSQVARNA TC 65;1;;;;;;;;;;;;;;;1
        HUSQVARNA SVARTPILEN 701;;;1;;;;;;;;;;;;;1
        HUSQVARNA 701 SUPERMOTO;;;;;1;;;;;;;;;;;1
        HUSQVARNA FC 450;;;;;;;;1;;;;;;;;1
        HUSQVARNA FE 501;;;;;;;;;;;;1;;;;1
        HUSQVARNA 701 SUPERMOTO;;;;;;;;;;;;;;1;;1
Subtotal: HUSQVARNA;61;32;76;57;82;62;52;94;119;98;97;64;44;42;27;1.007
;;;;;;;;;;;;;;;;
SUNRA;;;;;;;;;;;;;;;;
        SUNRA KING KONG;;;3;;1;;82;;49;12;;;;;;147
        SUNRA LEO;10;10;10;9;10;6;15;7;9;9;16;11;10;4;6;142
        SUNRA HAWK;11;10;20;9;14;9;10;;8;8;12;10;9;11;;141
        SUNRA GRACE;9;11;20;12;19;;;;;;12;;7;;;90
        SUNRA KING KONG;;;;4;;;;64;;;5;5;4;4;4;90
        SUNRA GRACE;;;;;;8;7;3;2;12;;13;;8;9;62
        SUNRA LMJR;6;6;11;;2;;7;3;;;10;3;;;;48
        SUNRA MIKU SUPER;3;4;4;1;9;5;1;4;1;5;4;;3;1;;45
        SUNRA ROBO;;1;3;;6;1;;3;5;1;4;2;;;1;27
        SUNRA LMJR;;;;6;;2;;;3;7;;;2;2;1;23
        SUNRA MIKU MAX;1;2;1;2;2;;1;;1;;1;4;;1;1;17
        SUNRA ANGER;;;;;;;1;3;2;4;3;1;1;1;;16
        SUNRA LMJR HIGHSPEED;;;4;2;;1;;;2;2;1;1;2;;;15
        SUNRA ANGER-S;3;1;2;;;2;;1;1;;1;1;;1;;13
        SUNRA HAWK;;;;;;;;8;;;;;;;5;13
        SUNRA KAGOO;1;1;;1;4;1;;1;;;2;;;;;11
        SUNRA KING KONG;1;1;;;;;;;;;;;;;;2
        SUNRA ANGER;;;2;;;;;;;;;;;;;2
        SUNRA HAWK 3,0KW;1;;;;;;;;;;;;;;;1
        SUNRA HAWK 3.0 KW;1;;;;;;;;;;;;;;;1
        SUNRA MIKU MAX 0.8 KW;1;;;;;;;;;;;;;;;1
        SUNRA PANTHER 0.2 KW;;1;;;;;;;;;;;;;;1
Subtotal: SUNRA;48;48;80;46;67;35;124;97;83;60;71;51;38;33;27;908
;;;;;;;;;;;;;;;;
OKINOI;;;;;;;;;;;;;;;;
        OKINOI OKINOI 110;10;11;8;13;13;18;51;82;55;105;89;91;61;41;30;678
        OKINOI ROMA 125;6;6;;8;3;;3;3;;3;4;6;3;2;2;49
        OKINOI DROP 125;4;7;5;5;2;4;1;2;1;;2;1;;1;;35
        OKINOI OKN 250;1;1;2;1;;2;1;;;;2;;7;13;1;31
        OKINOI OKN 300;1;1;;;;;1;;;;2;;1;1;;7
        OKINOI ST150;;1;1;1;;;;;;;1;;;1;2;7
        OKINOI ROMA ELECTRICA;;;1;;;1;;;;;;;;;;2
Subtotal: OKINOI;22;27;17;28;18;25;57;87;56;108;100;98;72;59;35;809
;;;;;;;;;;;;;;;;
BMW;;;;;;;;;;;;;;;;
        BMW F 850 GS;;;;;;84;6;;44;90;;;;54;55;333
        BMW R 1250 GS ADVENTURE;1;;2;;10;9;11;15;11;10;3;10;9;6;9;106
        BMW F 750 GS;;;;1;;1;;2;5;15;15;16;23;6;11;95
        BMW F 850 GS;;;;;3;;;5;;;11;50;8;;;77
        BMW R 1250 GS;;;;;10;7;11;3;6;10;10;3;;6;4;70
        BMW S 1000 RR;;;2;;1;2;2;1;4;5;2;4;5;2;;30
        BMW S 1000 XR;1;1;1;;2;;3;2;3;2;2;;1;;;18
        BMW R 18;;1;;;;;;4;;;1;1;1;;1;9
        BMW R 18 TRANSCONTINENTAL;;;;;;;;;;;1;2;5;;;8
        BMW R 1250 GS;;;;;;;;;;;;;7;;;7
        BMW R 1250 GS;1;1;4;;;;;;;;;;;;;6
        BMW R 1250 RT;;;;;;2;;1;1;;;;;;;4
        BMW R 1250 GS;;;;3;;;;;;;;;;;;3
        BMW R NINE T;;;;;;;;1;;;;;;1;;2
        BMW R 1200 NINE T SCRAMBLER;;;;;;;;;1;;1;;;;;2
        BMW R 18;;;;;;;;;;;;;;2;;2
        BMW R100RS;;1;;;;;;;;;;;;;;1
        BMW C400 GT;;;;;;;;1;;;;;;;;1
        BMW F 850 GS ADVENTURE;;;;;;;;;;;;1;;;;1
        BMW R 18 CLASSIC;;;;;;;;;;;;;1;;;1
Subtotal: BMW;3;4;9;4;26;105;33;35;75;132;46;87;60;77;80;776
;;;;;;;;;;;;;;;;
DUCATI;;;;;;;;;;;;;;;;
        DUCATI SCRAMBLER ICON DARK;;3;7;15;30;32;35;36;21;12;6;3;2;;;202
        DUCATI SCRAMBLER ICON;;;15;26;19;18;20;19;9;26;19;13;8;2;1;195
        DUCATI MULTISTRADA V2 S;;;;;;;;;;4;23;8;22;12;8;77
        DUCATI SCRAMBLER 800 ICON DARK;;2;10;16;4;1;3;;1;1;2;1;;;;41
        DUCATI MULTISTRADA 950 S;2;2;6;1;11;3;6;2;1;3;;;;2;;39
        DUCATI MULTISTRADA V2;;;;;;;;;;;3;6;16;5;6;36
        DUCATI SCRAMBLER 800 ICON;;7;6;2;;3;;;;;;2;;1;1;22
        DUCATI SCRAMBLER 400 SIXTY 2;1;1;1;;;1;;4;3;2;;2;;;;15
        DUCATI MULTISTRADA V4 S RADAR;;;;;;;;;;;;;3;11;1;15
        DUCATI MULTISTRADA 950;;;2;2;2;;1;;1;;1;;;;;9
        DUCATI PANIGALE V2;;;1;2;;1;;1;1;1;1;;;;;8
        DUCATI MULTISTRADA V4 S;;;;;;;;;;;;;3;1;3;7
        DUCATI MONSTER 797;1;;1;;;;;;2;;;1;1;;;6
        DUCATI HYPERMOTARD 950;;;;;;;1;;;1;3;;;;;5
        DUCATI SCRAMBLER 1100 SPORT PRO;;;;;;;;;;2;1;2;;;;5
        DUCATI HYPERMOTARD 950 SP;;;;;;;;;;3;1;;;;;4
        DUCATI PANIGALE V4S;1;;;1;;;;;1;;;;;;;3
        DUCATI SCRAMBLER 1100 DARK PRO;;;;;;;;;1;1;;1;;;;3
        DUCATI MONSTER 821;;;;;;;1;;;;1;;;;;2
        DUCATI PANIGALE V4S;;;;;;;1;1;;;;;;;;2
        DUCATI 65CC;;1;;;;;;;;;;;;;;1
        DUCATI MONSTER 821 STEALTH;;1;;;;;;;;;;;;;;1
        DUCATI MULTISTRADA 1260 ENDURO;;;;1;;;;;;;;;;;;1
        DUCATI STREETFIGHTER V4 S;;;;;;;;;;;1;;;;;1
        DUCATI MONSTER;;;;;;;;;;;;;;;1;1
        DUCATI MULTISTRADA V4;;;;;;;;;;;;;;;1;1
Subtotal: DUCATI;5;17;49;66;66;59;68;63;41;56;62;39;55;34;22;702
;;;;;;;;;;;;;;;;
APRILIA;;;;;;;;;;;;;;;;
        APRILIA APRILIA SR 160;46;51;40;56;77;47;30;42;22;45;45;36;30;20;10;597
        APRILIA TUAREG 660;4;1;10;5;1;3;1;;;2;1;;4;4;3;39
        APRILIA RS 660;1;;;1;2;1;1;1;;;;;;1;;8
        APRILIA SHIVER 900;;1;;;;;;;;;;;;;;1
Subtotal: APRILIA;51;53;50;62;80;51;32;43;22;47;46;36;34;25;13;645
;;;;;;;;;;;;;;;;
PIAGGIO;;;;;;;;;;;;;;;;
        PIAGGIO VESPA VXL 150;;;;;;;;;;;;117;172;81;81;451
        PIAGGIO VESPA GTS 300;12;5;9;12;12;16;13;16;6;3;10;6;9;8;8;145
        PIAGGIO SALUTE;1;;;;;;;;;;;;;;;1
        PIAGGIO VESPA VBA1M;1;;;;;;;;;;;;;;;1
        PIAGGIO ALLSTATE;;;1;;;;;;;;;;;;;1
        PIAGGIO GS 150;;;1;;;;;;;;;;;;;1
        PIAGGIO GS 160;;;1;;;;;;;;;;;;;1
        PIAGGIO PRIMAVERA 125;;;1;;;;;;;;;;;;;1
        PIAGGIO SUPER SPRINT 150;;;1;;;;;;;;;;;;;1
        PIAGGIO VESPA 125;;;1;;;;;;;;;;;;;1
        PIAGGIO VESPA 150;;;1;;;;;;;;;;;;;1
        PIAGGIO VESPA 200;;;1;;;;;;;;;;;;;1
        PIAGGIO VESPA 50;;;1;;;;;;;;;;;;;1
Subtotal: PIAGGIO;14;5;18;12;12;16;13;16;6;3;10;123;181;89;89;607
;;;;;;;;;;;;;;;;
ELPRA ELECTRIC;;;;;;;;;;;;;;;;
        ELPRA ELECTRIC MASTER;13;17;13;10;7;5;5;8;5;8;4;7;3;4;5;114
        ELPRA ELECTRIC CITY-M8-CITY CHOPER- CY;19;10;13;9;7;5;8;3;2;5;9;3;7;2;5;107
        ELPRA ELECTRIC TRES DUO;6;11;4;8;5;4;5;11;5;8;7;8;6;6;5;99
        ELPRA ELECTRIC INDIE;19;11;14;7;6;7;6;5;4;6;4;5;;3;1;98
        ELPRA ELECTRIC FOLK/ZMAJ05;3;1;8;2;1;;1;;1;2;;1;;;3;23
        ELPRA ELECTRIC TWIST/LX05/TW;3;;;1;1;1;2;3;;5;;2;2;;1;21
        ELPRA ELECTRIC PONY;1;3;;;;1;;;1;;1;;1;;;8
        ELPRA ELECTRIC CITY-M8-CITY CHOPER-CY 1.5KW;;;1;;;;;;;;;;;;;1
Subtotal: ELPRA ELECTRIC;64;53;53;37;27;23;27;30;18;34;25;26;19;15;20;471
;;;;;;;;;;;;;;;;
KEEWAY;;;;;;;;;;;;;;;;
        KEEWAY KLIGHT 202;27;19;37;26;20;18;32;44;29;34;36;26;41;17;4;410
        KEEWAY RK 150;10;4;3;6;;2;1;1;2;3;;1;;;;33
        KEEWAY TARGET 125;1;2;;1;;1;1;;;;;;;;;6
        KEEWAY TX 200;;;1;;;;;;;;;;;;;1
Subtotal: KEEWAY;38;25;41;33;20;21;34;45;31;37;36;27;41;17;4;450
;;;;;;;;;;;;;;;;
LIFAN;;;;;;;;;;;;;;;;
        LIFAN LF125;5;3;4;6;13;12;10;8;6;11;9;6;5;13;2;113
        LIFAN LF150;1;2;5;6;7;3;5;3;10;10;8;6;7;6;2;81
        LIFAN XP200;;2;;;2;;5;2;6;3;9;14;10;9;8;70
        LIFAN V16;4;4;1;1;1;5;6;2;3;8;8;3;1;1;1;49
        LIFAN KPV150;;;3;4;3;5;1;3;6;4;3;4;2;1;;39
        LIFAN KP350;;;2;1;1;;3;;1;3;8;3;3;2;;27
        LIFAN KP200M;;2;;;;1;;1;2;2;2;1;3;2;;16
        LIFAN KP200T;;;;;1;;1;;3;3;;2;3;2;;15
        LIFAN LF150T;2;;1;1;;3;;;3;;;2;1;;;13
Subtotal: LIFAN;12;13;16;19;28;29;31;19;40;44;47;41;35;36;13;423
;;;;;;;;;;;;;;;;
KIDEN;;;;;;;;;;;;;;;;
        KIDEN KD 150 Z;19;16;21;24;34;35;42;43;15;11;5;12;14;16;7;314
        KIDEN KD 250 V;3;4;5;9;5;7;4;6;8;12;12;8;7;5;5;100
Subtotal: KIDEN;22;20;26;33;39;42;46;49;23;23;17;20;21;21;12;414
;;;;;;;;;;;;;;;;
MOTO MORINI;;;;;;;;;;;;;;;;
        MOTO MORINI X-CAPE 650;;;;;45;63;26;49;16;10;28;8;24;28;19;316
        MOTO MORINI SEIEMMEZZO;;;;;;;;1;2;2;4;1;4;2;3;19
        MOTO MORINI X-CAPE;;;;;;2;;;;;;;;;;2
Subtotal: MOTO MORINI;;;;;45;65;26;50;18;12;32;9;28;30;22;337
;;;;;;;;;;;;;;;;
HAOJUE;;;;;;;;;;;;;;;;
        HAOJUE NK 150;18;13;15;23;18;11;16;31;21;21;18;10;9;12;2;238
        HAOJUE DR 160;1;10;16;10;10;7;1;2;8;5;3;5;7;1;3;89
Subtotal: HAOJUE;19;23;31;33;28;18;17;33;29;26;21;15;16;13;5;327
;;;;;;;;;;;;;;;;
SYM;;;;;;;;;;;;;;;;
        SYM CITYCOM 300;11;6;8;8;6;6;8;13;9;11;7;5;8;2;7;115
        SYM JET 14;;;;;11;5;1;4;3;13;13;5;14;14;6;89
        SYM FIDDLE II 150 S;2;2;2;1;2;;;;2;9;4;7;2;6;5;44
        SYM SYMPHONY 125;1;2;;3;1;;1;2;1;;1;5;1;1;1;20
        SYM CROX 125;1;1;;;1;1;;2;;;;1;1;1;1;10
        SYM TL508;;;;;;;;;;1;3;;2;;;6
        SYM JOYRIDE;;;;1;;1;1;;;;;;;;;3
        SYM T1 180;;;;;;;;;;1;;1;;;;2
        SYM MAXSYM 600;;;;;;;1;;;;;;;;;1
        SYM MAXSYM 600I;;;;;;;1;;;;;;;;;1
Subtotal: SYM;15;11;10;13;21;13;13;21;15;35;28;24;28;24;20;291
;;;;;;;;;;;;;;;;
TRIUMPH;;;;;;;;;;;;;;;;
        TRIUMPH TIGER 900 RALLY PRO;;;;;2;5;4;10;7;3;3;1;3;3;;41
        TRIUMPH TIGER SPORT;;;1;;;6;8;5;3;6;1;3;4;2;1;40
        TRIUMPH TRIDENT;;;;;;7;2;3;1;4;2;1;3;4;;27
        TRIUMPH STREET TWIN 900;3;;1;4;3;;;;1;;1;2;;2;;17
        TRIUMPH TIGER 1200 RALLY PRO;;;;;2;1;;2;2;1;1;1;3;3;1;17
        TRIUMPH BONNEVILLE BOBBER 1200;1;;1;1;2;1;;1;;2;;4;;1;2;16
        TRIUMPH BONNEVILLE T100;;;1;2;1;2;2;;1;6;;;;;;15
        TRIUMPH TIGER 1200 RALLY EXPLORER;;;;;1;2;1;3;1;;;;2;2;2;14
        TRIUMPH SCRAMBLER 900;;;;;;;1;2;2;1;;2;2;2;;12
        TRIUMPH SPEED TWIN;1;1;5;;;;;1;;;;;1;;;9
        TRIUMPH BONNEVILLE SPEEDMASTER;;1;1;;2;1;;1;;;;;;3;;9
        TRIUMPH STREET SCRAMBLER;;;;;1;1;1;1;;1;1;2;;;1;9
        TRIUMPH TIGER 900 GT PRO;;;;;1;2;2;1;1;1;;;;;1;9
        TRIUMPH BONNEVILLE T120 BLACK;;;;;1;1;;2;1;;2;;;;1;8
        TRIUMPH TIGER 900 RALLY ARAGON EDITION;;;;;;;;;;;;1;1;1;3;6
        TRIUMPH BONNEVILLE T120;1;;1;;1;;1;1;;;;;;;;5
        TRIUMPH BONNEVILLE T100;;;;;;;;3;;;;;;;2;5
        TRIUMPH SCRAMBLER 1200 XE;1;;;;;;;;;1;1;;;;1;4
        TRIUMPH TIGER 1200 GT PRO;;;;;;;1;1;;;1;;1;;;4
        TRIUMPH ROCKET 3 GT;1;;;;;;;1;1;;;;;;;3
        TRIUMPH ROCKET 3 R;;;;;;;3;;;;;;;;;3
        TRIUMPH SPEED TWIN 900;;;;;;;;1;;;;;;;1;2
        TRIUMPH TIGER 900 GT ARAGON EDITION;;;;;;;;;;1;;;1;;;2
        TRIUMPH BONNEVILLE T100;1;;;;;;;;;;;;;;;1
        TRIUMPH TIGER 900;1;;;;;;;;;;;;;;;1
        TRIUMPH TIGER 900 RALLY;;1;;;;;;;;;;;;;;1
        TRIUMPH SCRAMBLER 1200 XC;;;;;;;;;;;1;;;;;1
        TRIUMPH STREET TRIPLE RS;;;;;;;;;;;;;;1;;1
        TRIUMPH TIGER 850 SPORT;;;;;;;;;;;;;;;1;1
Subtotal: TRIUMPH;10;3;11;7;17;29;26;39;21;27;14;17;21;24;17;283
;;;;;;;;;;;;;;;;
SUPER SOCO;;;;;;;;;;;;;;;;
        SUPER SOCO TC MAX;;8;2;4;5;7;3;2;1;6;2;4;;3;3;50
        SUPER SOCO CPX;4;2;2;6;3;4;2;5;1;;1;;3;1;1;35
        SUPER SOCO CUX 2.788KW;;3;2;1;3;3;2;4;2;1;2;5;3;1;;32
        SUPER SOCO CU MINI;;;1;1;;1;;1;2;2;2;;7;7;4;28
        SUPER SOCO TC WANDERER;2;1;;;1;;;1;;2;;2;;5;1;15
        SUPER SOCO TS;1;;;2;1;;2;1;;1;2;;1;;;11
        SUPER SOCO TC MAX;9;;;;;;;;;;;;;;;9
        SUPER SOCO TC;1;;1;1;2;;1;1;;;1;;;;;8
        SUPER SOCO CUX DUCATI;;1;;1;;;;;;;;;;;;2
        SUPER SOCO TC MAX 3.0 KW;1;;;;;;;;;;;;;;;1
        SUPER SOCO TS X;;;;;;;;1;;;;;;;;1
Subtotal: SUPER SOCO;18;15;8;16;15;15;10;16;6;12;10;11;14;17;9;192
;;;;;;;;;;;;;;;;
JAWA;;;;;;;;;;;;;;;;
        JAWA 250;13;17;12;11;4;1;5;2;2;4;24;18;4;;5;122
        JAWA DAYTONA 350;;;;;;;;;5;2;2;5;;;;14
        JAWA JAWA 350;;;;;;;;1;;;;;;;;1
Subtotal: JAWA;13;17;12;11;4;1;5;3;7;6;26;23;4;;5;137
;;;;;;;;;;;;;;;;
CERRO;;;;;;;;;;;;;;;;
        CERRO CE 110;10;11;23;23;20;4;4;4;2;;5;2;;;;108
        CERRO CHAMICAL CE 150;1;1;1;1;1;;1;;1;2;1;;1;1;1;13
        CERRO CE 150-13;;;;1;;;2;;;;;;;;;3
Subtotal: CERRO;11;12;24;25;21;4;7;4;3;2;6;2;1;1;1;124
;;;;;;;;;;;;;;;;
LUCKY LION;;;;;;;;;;;;;;;;
        LUCKY LION LUNA-MOON;;5;7;9;5;5;9;3;4;2;5;1;4;2;2;63
        LUCKY LION S1-AIR;5;;2;1;1;2;1;;2;3;2;1;4;2;;26
        LUCKY LION F11-STAR;;2;;1;1;;;2;;1;;1;;;;8
        LUCKY LION LUNA-MOON;7;;;;;;;;;;;;;;;7
        LUCKY LION F 10-ITALIAN;;3;;;;1;;;2;1;;;;;;7
        LUCKY LION ET09;1;;;3;;;;;;;;;;;;4
        LUCKY LION DINAMIC 0.8KW;1;;;;;;;;;;;;;;;1
        LUCKY LION EB 93-DINAMIC;;;1;;;;;;;;;;;;;1
Subtotal: LUCKY LION;14;10;10;14;7;8;10;5;8;7;7;3;8;4;2;117
;;;;;;;;;;;;;;;;
HARLEY DAVIDSON;;;;;;;;;;;;;;;;
        HARLEY DAVIDSON RH1250S SPORTSTER S;;;;3;2;2;;;1;;;2;2;1;;13
        HARLEY DAVIDSON FLFBS FAT BOY 114;;;;3;2;1;;1;1;;;;2;;1;11
        HARLEY DAVIDSON FLHCS HERITAGE CLASSIC 114;;;1;;;;2;1;;;;;;1;1;6
        HARLEY DAVIDSON RA1250S PAN AMERICA SPECIAL;;;;2;;1;;;;;1;;;1;;5
        HARLEY DAVIDSON FXBBS STREET BOB 114;;;;;;;2;1;1;;;;1;;;5
        HARLEY DAVIDSON FXLRS LOW RIDER S;;;;;;;2;;1;;;;2;;;5
        HARLEY DAVIDSON FLHXS STREET GLIDE SPECIAL;;;;1;;;1;1;;;;;;;1;4
        HARLEY DAVIDSON RA1250 PAN AMERICA;;;;1;1;1;;;;;;;;;;3
        HARLEY DAVIDSON FLTRXS ROAD GLIDE SPECIAL;;;;;;;;;;3;;;;;;3
        HARLEY DAVIDSON SPORTEK;1;;;;;;;;;;;;;;;1
        HARLEY DAVIDSON PAN AMERICA 1250 SPECIAL;;;1;;;;;;;;;;;;;1
        HARLEY DAVIDSON FLSB SPORT GLIDE;;;;1;;;;;;;;;;;;1
        HARLEY DAVIDSON FXFB FAT BOB 1745;;;;1;;;;;;;;;;;;1
        HARLEY DAVIDSON FLHXSE CVO STREET GLIDE;;;;;;1;;;;;;;;;;1
        HARLEY DAVIDSON FLHTK ULTRA LIMITED;;;;;;;1;;;;;;;;;1
        HARLEY DAVIDSON FLHX;;;;;;;;;;;;1;;;;1
        HARLEY DAVIDSON FLFBS ANX FAT BOY 114 ANNIVERSARY X;;;;;;;;;;;;;;1;;1
        HARLEY DAVIDSON FLHFB ELECTRA GLIDE HIGHWAY KING;;;;;;;;;;;;;;1;;1
        HARLEY DAVIDSON FLHRXS ROAD KING SPECIAL;;;;;;;;;;;;;;1;;1
        HARLEY DAVIDSON FLTRK ROAD GLIDE LIMITED;;;;;;;;;;;;;;1;;1
Subtotal: HARLEY DAVIDSON;1;;2;12;5;6;8;4;4;3;1;3;7;7;3;66
;;;;;;;;;;;;;;;;
POLARIS;;;;;;;;;;;;;;;;
        POLARIS SPORTSMAN 570 EFI;2;;;2;6;2;1;1;1;4;1;2;2;1;4;29
        POLARIS SPORTSMAN TOURING XP 1000;1;;;;;;;;;;;;;1;1;3
        POLARIS SPORTSMAN TOURING 570 EFI;;;1;;;;;1;;;;1;;;;3
        POLARIS SPORTSMAN TOURING 850 SP;;;;;;;1;;;;;;;;;1
Subtotal: POLARIS;3;;1;2;6;2;2;2;1;4;1;3;2;2;5;36
;;;;;;;;;;;;;;;;
MV AGUSTA;;;;;;;;;;;;;;;;
        MV AGUSTA TURISMO VELOCE 800 LUSSO SCS;;1;1;1;;1;2;1;;;;;;1;;8
        MV AGUSTA TURISMO VELOCE LUSSO;1;;;;;;;;;;3;;;;;4
        MV AGUSTA SUPERVELOCE 800;;;;;;;1;;;;1;;;2;;4
        MV AGUSTA TURISMO VELOCE 800 ROSSO;;;;;;;;;;;1;;2;;1;4
        MV AGUSTA DRAGSTER 800 ROSSO;;;;2;1;;;;;;;;;;;3
        MV AGUSTA BRUTALE 800 DRAGSTER;;;;;;2;1;;;;;;;;;3
        MV AGUSTA BRUTALE 1000 RR;;;;;;;;;;;;;1;1;;2
        MV AGUSTA BRUTALE ROSSO;1;;;;;;;;;;;;;;;1
        MV AGUSTA BRUTALE 800 RR;;1;;;;;;;;;;;;;;1
        MV AGUSTA RUSH;;;;;;1;;;;;;;;;;1
        MV AGUSTA F3 800 RR;;;;;;;;;;;1;;;;;1
        MV AGUSTA BRUTALE 1000 RS;;;;;;;;;;;;;;1;;1
        MV AGUSTA F3 ROSSO;;;;;;;;;;;;;;;1;1
Subtotal: MV AGUSTA;2;2;1;3;1;4;4;1;;;6;;3;5;2;34
;;;;;;;;;;;;;;;;
YADEA;;;;;;;;;;;;;;;;
        YADEA S-LIKE;3;5;7;4;1;2;;;;;;;;;;22
        YADEA G5;;;;;2;;;;1;;1;2;2;4;;12
Subtotal: YADEA;3;5;7;4;3;2;;;1;;1;2;2;4;;34
;;;;;;;;;;;;;;;;
INDIAN;;;;;;;;;;;;;;;;
        INDIAN SCOUT BOBBER;1;;2;;1;4;1;1;1;;;;;;1;12
        INDIAN SUPER CHIEF LIMITED;2;;;;;;1;;;;;;;;;3
        INDIAN SCOUT 1130;;1;;;;;;;;;1;;;;;2
        INDIAN SCOUT BOBBER TWENTY;;;;;;;;;1;;1;;;;;2
        INDIAN CHALLENGER;;;1;;;;;;;;;;;;;1
        INDIAN ROADMASTER;;;;;;;;;1;;;;;;;1
        INDIAN ROADMASTER;;;;;;;;;;;;;;1;;1
        INDIAN CHALLENGER LIMITED;;;;;;;;;;;;;;;1;1
Subtotal: INDIAN;3;1;3;;1;4;2;1;3;;2;;;1;2;23
;;;;;;;;;;;;;;;;
NUUV;;;;;;;;;;;;;;;;
        NUUV NQI SPORT;;;;1;2;;;1;1;;1;;;1;1;8
        NUUV N SPORT;1;1;1;;;1;;;;;;1;;;;5
        NUUV NQI GTS;;;;;;1;;1;;;;;1;;;3
        NUUV UQI SPORT;;;;;;;;1;;1;;;;;;2
Subtotal: NUUV;1;1;1;1;2;2;;3;1;1;1;1;1;1;1;18
;;;;;;;;;;;;;;;;
CAN-AM;;;;;;;;;;;;;;;;
        CAN-AM OUTLANDER PRO HD5;;;;;;;;;;;;;1;;5;6
        CAN-AM OUTLANDER MAX DPS 700;;;;;;;;;;1;;;2;;2;5
        CAN-AM OUTLANDER MAX DPS 500;;;;;;;;;;;1;1;;;;2
        CAN-AM OUTLANDER MAX XT 700;;;;;;;;;;;1;;;1;;2
        CAN-AM OUTLANDER MAX XT-P 1000;;;;;;;;;;;;1;;;;1
        CAN-AM OUTLANDER 500;;;;;;;;;;;;;1;;;1
Subtotal: CAN-AM;;;;;;;;;;1;2;2;4;1;7;17
;;;;;;;;;;;;;;;;
KAYO;;;;;;;;;;;;;;;;
        KAYO K6;1;1;2;;2;;;;1;;;;2;;;9
        KAYO K6-R ENDURO;;;;;;;;;;;1;2;;;2;5
        KAYO KT250;;;;;;1;;1;;;;1;;;;3
Subtotal: KAYO;1;1;2;;2;1;;1;1;;1;3;2;;2;17
;;;;;;;;;;;;;;;;
GREENMOVE;;;;;;;;;;;;;;;;
        GREENMOVE MIKU MAX;;;;;;;10;;;;;;;;;10
        GREENMOVE GRACE NXT 1;;;;;1;;;;;;;;2;;;3
Subtotal: GREENMOVE;;;;;1;;10;;;;;;2;;;13
;;;;;;;;;;;;;;;;
OTROS;;;;;;;;;;;;;;;;
        OTROS OTROS;;;;;;;;;;;8;;;;;8
        OTROS OTROS;2;;;;;;;;;;;;;;;2
        OTROS EXTRA 200;1;;;;;;;;;;;;;;;1
        OTROS SPORTRUCK 110CC;;;;;;;;;;;1;;;;;1
        OTROS OTROS;;;;;;;;;;;;1;;;;1
Subtotal: OTROS;3;;;;;;;;;;9;1;;;;13
;;;;;;;;;;;;;;;;
PHILCO;;;;;;;;;;;;;;;;
        PHILCO U3;;;;2;1;4;1;2;;2;1;;;;;13
Subtotal: PHILCO;;;;2;1;4;1;2;;2;1;;;;;13
;;;;;;;;;;;;;;;;
PUMA;;;;;;;;;;;;;;;;
        PUMA CUARTA SERIE;2;;;;;;;;;;;;;;;2
        PUMA PUMA 98;;;2;;;;;;;;;;;;;2
        PUMA 1961;1;;;;;;;;;;;;;;;1
        PUMA 1960;;1;;;;;;;;;;;;;;1
        PUMA 1966;;1;;;;;;;;;;;;;;1
        PUMA 5° SERIE;;1;;;;;;;;;;;;;;1
        PUMA SUPERSPORT;;1;;;;;;;;;;;;;;1
        PUMA CUARTA SERIE;;;1;;;;;;;;;;;;;1
        PUMA PRIMERA SERIE;;;1;;;;;;;;;;;;;1
        PUMA SEGUNDA SERIE;;;1;;;;;;;;;;;;;1
        PUMA SERIE 2;;;1;;;;;;;;;;;;;1
Subtotal: PUMA;3;4;6;;;;;;;;;;;;;13
;;;;;;;;;;;;;;;;
ECOOTER;;;;;;;;;;;;;;;;
        ECOOTER E5;;;;;;;;;1;;;;1;1;1;4
        ECOOTER ET3;;;;;;;;;1;;;;;1;1;3
        ECOOTER E3;;;;;;;;;1;;;;;;1;2
        ECOOTER E2 L1E;;;1;;;;;;;;;;;;;1
        ECOOTER E3 4000W;;;;;;;;;1;;;;;;;1
Subtotal: ECOOTER;;;1;;;;;;4;;;;1;2;3;11
;;;;;;;;;;;;;;;;
VOGE;;;;;;;;;;;;;;;;
        VOGE 300 AC;;2;;;;;;1;1;;1;;;;;5
        VOGE 300;;;;;1;;;2;;;;;;;;3
        VOGE 500DS;1;;;;;;;;;;;;;;;1
        VOGE 500R;;;;;1;;;;;;;;;;;1
Subtotal: VOGE;1;2;;;2;;;3;1;;1;;;;;10
;;;;;;;;;;;;;;;;
SIAMBRETTA;;;;;;;;;;;;;;;;
        SIAMBRETTA 175 TV;2;;;;;;;;;;;;;;;2
        SIAMBRETTA 125 LD;1;;;;;;;;;;;;;;;1
        SIAMBRETTA 125 STANDAR;1;;;;;;;;;;;;;;;1
        SIAMBRETTA 1958;1;;;;;;;;;;;;;;;1
        SIAMBRETTA SIAMBRETTA LD 125 STD;1;;;;;;;;;;;;;;;1
        SIAMBRETTA STANDARD;1;;;;;;;;;;;;;;;1
        SIAMBRETTA INOCCENTI SIAM 48;;1;;;;;;;;;;;;;;1
        SIAMBRETTA TV 175;;1;;;;;;;;;;;;;;1
Subtotal: SIAMBRETTA;7;2;;;;;;;;;;;;;;9
;;;;;;;;;;;;;;;;
GAF;;;;;;;;;;;;;;;;
        GAF JL 90CC;;;;;;;;;;;1;3;2;1;;7
        GAF GX 250;1;;;;;;;;;;;;;;;1
Subtotal: GAF;1;;;;;;;;;;1;3;2;1;;8
;;;;;;;;;;;;;;;;
MOTO GUZZI;;;;;;;;;;;;;;;;
        MOTO GUZZI V85 TT;1;2;;;1;;1;1;;;1;;;1;;8
Subtotal: MOTO GUZZI;1;2;;;1;;1;1;;;1;;;1;;8
;;;;;;;;;;;;;;;;
GAS GAS;;;;;;;;;;;;;;;;
        GAS GAS EC 250F;;;;;;1;;;;1;;;;;;2
        GAS GAS ES 700;;;;;;;;;;1;;;1;;;2
        GAS GAS MC 125;;;;;;1;;;;;;;;;;1
        GAS GAS MC 250F;;;;;;;;;;;1;;;;;1
Subtotal: GAS GAS;;;;;;2;;;;2;1;;1;;;6
;;;;;;;;;;;;;;;;
GASGAS;;;;;;;;;;;;;;;;
        GASGAS EC 250F;;;;;;;;;;;;;1;1;2;4
        GASGAS MC 250F;;;;;;;;;;;;;;1;1;2
Subtotal: GASGAS;;;;;;;;;;;;;1;2;3;6
;;;;;;;;;;;;;;;;
ITALJET;;;;;;;;;;;;;;;;
        ITALJET DRAGSTER 200 ABS;;;;;;;1;1;1;2;;;;;;5
Subtotal: ITALJET;;;;;;;1;1;1;2;;;;;;5
;;;;;;;;;;;;;;;;
VMOTO;;;;;;;;;;;;;;;;
        VMOTO F01;;;;;;;;;;;;;3;1;1;5
Subtotal: VMOTO;;;;;;;;;;;;;3;1;1;5
;;;;;;;;;;;;;;;;
ARIIC;;;;;;;;;;;;;;;;
        ARIIC ARIIC 318;;;;;;;;;;1;1;1;;;1;4
Subtotal: ARIIC;;;;;;;;;;1;1;1;;;1;4
;;;;;;;;;;;;;;;;
DOOHAN;;;;;;;;;;;;;;;;
        DOOHAN DH01-30 ITANK (3 RUEDAS);;;;;;;;;;3;;1;;;;4
Subtotal: DOOHAN;;;;;;;;;;3;;1;;;;4
;;;;;;;;;;;;;;;;
LVN;;;;;;;;;;;;;;;;
        LVN LX02;;;;;;;;;1;;;1;;;;2
        LVN LX05;;;;;;;;;;1;;;;;;1
        LVN LX01;;;;;;;;;;;;;1;;;1
Subtotal: LVN;;;;;;;;;1;1;;1;1;;;4
;;;;;;;;;;;;;;;;
GAMMA;;;;;;;;;;;;;;;;
        GAMMA MOUNTAINEER 800 LTD;;2;1;;;;;;;;;;;;;3
Subtotal: GAMMA;;2;1;;;;;;;;;;;;;3
;;;;;;;;;;;;;;;;
HERO HONDA;;;;;;;;;;;;;;;;
        HERO HONDA SPLENDOR;;;;;;1;;1;;;;;;;;2
        HERO HONDA STREET;;;;;;;;1;;;;;;;;1
Subtotal: HERO HONDA;;;;;;1;;2;;;;;;;;3
;;;;;;;;;;;;;;;;
MADEMOTO;;;;;;;;;;;;;;;;
        MADEMOTO ES8004 1.5 KW;1;;;;;;;;;;1;;;;1;3
Subtotal: MADEMOTO;1;;;;;;;;;;1;;;;1;3
;;;;;;;;;;;;;;;;
DERBI;;;;;;;;;;;;;;;;
        DERBI HUNTER;;;;;2;;;;;;;;;;;2
Subtotal: DERBI;;;;;2;;;;;;;;;;;2
;;;;;;;;;;;;;;;;
DKW;;;;;;;;;;;;;;;;
        DKW DKW150 RT;1;;;;;;;;;;;;;;;1
        DKW RT 150;;1;;;;;;;;;;;;;;1
Subtotal: DKW;1;1;;;;;;;;;;;;;;2
;;;;;;;;;;;;;;;;
GHIGGERI;;;;;;;;;;;;;;;;
        GHIGGERI CITTA 150;;;1;;;1;;;;;;;;;;2
Subtotal: GHIGGERI;;;1;;;1;;;;;;;;;;2
;;;;;;;;;;;;;;;;
GUZZI;;;;;;;;;;;;;;;;
        GUZZI LODOLA 175;1;;;;;;;;;;;;;;;1
        GUZZI CARDELLINO 2DA SERIE;;1;;;;;;;;;;;;;;1
Subtotal: GUZZI;1;1;;;;;;;;;;;;;;2
;;;;;;;;;;;;;;;;
JINCHENG;;;;;;;;;;;;;;;;
        JINCHENG JC 110 19;;;;;;;;;;;1;;;;;1
        JINCHENG JC110 19;;;;;;;;;;;1;;;;;1
Subtotal: JINCHENG;;;;;;;;;;;2;;;;;2
;;;;;;;;;;;;;;;;
JUNIORS;;;;;;;;;;;;;;;;
        JUNIORS JUNIORS;;1;;;;;;;;;;;;;;1
        JUNIORS JUNIORS 125;;;1;;;;;;;;;;;;;1
Subtotal: JUNIORS;;1;1;;;;;;;;;;;;;2
;;;;;;;;;;;;;;;;
SEGWAY;;;;;;;;;;;;;;;;
        SEGWAY SNARLER LX;;;;;;;;;;1;1;;;;;2
Subtotal: SEGWAY;;;;;;;;;;1;1;;;;;2
;;;;;;;;;;;;;;;;
;;;;;;;;;;;;;;;;
        ;;;;;;;;;;;;;;;1;1
Subtotal:;;;;;;;;;;;;;;;1;1
;;;;;;;;;;;;;;;;
808;;;;;;;;;;;;;;;;
        808 808;1;;;;;;;;;;;;;;;1
Subtotal: 808;1;;;;;;;;;;;;;;;1
;;;;;;;;;;;;;;;;
BAJAJ-GUERRERO;;;;;;;;;;;;;;;;
        BAJAJ-GUERRERO PICK-UP VAN;;;;;;1;;;;;;;;;;1
Subtotal: BAJAJ-GUERRERO;;;;;;1;;;;;;;;;;1
;;;;;;;;;;;;;;;;
BES;;;;;;;;;;;;;;;;
        BES FERRARI;1;;;;;;;;;;;;;;;1
Subtotal: BES;1;;;;;;;;;;;;;;;1
;;;;;;;;;;;;;;;;
BETAMOTOR;;;;;;;;;;;;;;;;
        BETAMOTOR ZT310M;;;;;;;;;;;;;;1;;1
Subtotal: BETAMOTOR;;;;;;;;;;;;;;1;;1
;;;;;;;;;;;;;;;;
BSE;;;;;;;;;;;;;;;;
        BSE C10;;1;;;;;;;;;;;;;;1
Subtotal: BSE;;1;;;;;;;;;;;;;;1
;;;;;;;;;;;;;;;;
CAKE;;;;;;;;;;;;;;;;
        CAKE OSA+;1;;;;;;;;;;;;;;;1
Subtotal: CAKE;1;;;;;;;;;;;;;;;1
;;;;;;;;;;;;;;;;
DA DALT;;;;;;;;;;;;;;;;
        DA DALT PRETI 50;1;;;;;;;;;;;;;;;1
Subtotal: DA DALT;1;;;;;;;;;;;;;;;1
;;;;;;;;;;;;;;;;
DERRI;;;;;;;;;;;;;;;;
        DERRI 1960;1;;;;;;;;;;;;;;;1
Subtotal: DERRI;1;;;;;;;;;;;;;;;1
;;;;;;;;;;;;;;;;
GÜIZZO;;;;;;;;;;;;;;;;
        GÜIZZO ALPINO;1;;;;;;;;;;;;;;;1
Subtotal: GÜIZZO;1;;;;;;;;;;;;;;;1
;;;;;;;;;;;;;;;;
JIANSHE;;;;;;;;;;;;;;;;
        JIANSHE JS 125-7F;1;;;;;;;;;;;;;;;1
Subtotal: JIANSHE;1;;;;;;;;;;;;;;;1
;;;;;;;;;;;;;;;;
LAMBRETA;;;;;;;;;;;;;;;;
        LAMBRETA CENTO;1;;;;;;;;;;;;;;;1
Subtotal: LAMBRETA;1;;;;;;;;;;;;;;;1
;;;;;;;;;;;;;;;;
LAMBRETTA;;;;;;;;;;;;;;;;
        LAMBRETTA LD 125;1;;;;;;;;;;;;;;;1
Subtotal: LAMBRETTA;1;;;;;;;;;;;;;;;1
;;;;;;;;;;;;;;;;
LINHAI YAMAHA;;;;;;;;;;;;;;;;
        LINHAI YAMAHA CL100-4;;1;;;;;;;;;;;;;;1
Subtotal: LINHAI YAMAHA;;1;;;;;;;;;;;;;;1
;;;;;;;;;;;;;;;;
LUJAN HERMANOS;;;;;;;;;;;;;;;;
        LUJAN HERMANOS LUJAN;;1;;;;;;;;;;;;;;1
Subtotal: LUJAN HERMANOS;;1;;;;;;;;;;;;;;1
;;;;;;;;;;;;;;;;
MAVERICK;;;;;;;;;;;;;;;;
        MAVERICK MA100-2B;1;;;;;;;;;;;;;;;1
Subtotal: MAVERICK;1;;;;;;;;;;;;;;;1
;;;;;;;;;;;;;;;;
MI-VAL;;;;;;;;;;;;;;;;
        MI-VAL MI-VAL 125 2T;1;;;;;;;;;;;;;;;1
Subtotal: MI-VAL;1;;;;;;;;;;;;;;;1
;;;;;;;;;;;;;;;;
MONTESA;;;;;;;;;;;;;;;;
        MONTESA COTA;1;;;;;;;;;;;;;;;1
Subtotal: MONTESA;1;;;;;;;;;;;;;;;1
;;;;;;;;;;;;;;;;
MS 50;;;;;;;;;;;;;;;;
        MS 50 MONDIAL;;;1;;;;;;;;;;;;;1
Subtotal: MS 50;;;1;;;;;;;;;;;;;1
;;;;;;;;;;;;;;;;
NORTON;;;;;;;;;;;;;;;;
        NORTON ES2/ 1948;1;;;;;;;;;;;;;;;1
Subtotal: NORTON;1;;;;;;;;;;;;;;;1
;;;;;;;;;;;;;;;;
PUCH;;;;;;;;;;;;;;;;
        PUCH 1959;1;;;;;;;;;;;;;;;1
Subtotal: PUCH;1;;;;;;;;;;;;;;;1
;;;;;;;;;;;;;;;;
RUMI;;;;;;;;;;;;;;;;
        RUMI FORMICHINO;;1;;;;;;;;;;;;;;1
Subtotal: RUMI;;1;;;;;;;;;;;;;;1
;;;;;;;;;;;;;;;;
SUR RON;;;;;;;;;;;;;;;;
        SUR RON STORM BEE F;;;;;;;;;;1;;;;;;1
Subtotal: SUR RON;;;;;;;;;;1;;;;;;1
;;;;;;;;;;;;;;;;
VESPA;;;;;;;;;;;;;;;;
        VESPA VESPA;1;;;;;;;;;;;;;;;1
Subtotal: VESPA;1;;;;;;;;;;;;;;;1
;;;;;;;;;;;;;;;;
VYATKA;;;;;;;;;;;;;;;;
        VYATKA 150CC;;;1;;;;;;;;;;;;;1
Subtotal: VYATKA;;;1;;;;;;;;;;;;;1
;;;;;;;;;;;;;;;;
TOTAL;41.161;35.585;48.411;39.988;40.217;33.841;37.581;42.746;34.796;43.055;40.408;33.001;33.418;30.848;27.449;562.505
